generation,species,id,fitness_or_confidence,flies_eaten_or_behavior_count,final_state_or_direction,wall_gene,food_gene,snake_gene,grass_gene,water_gene,wall_behaviors,food_behaviors,snake_behaviors,grass_behaviors,water_behaviors
0,frog,0,0,3,eaten_by_snake,-0.6544697137339979,-0.8851190784783287,0.928483503049427,-0.9909181202311454,0.8053437969857569,2,3,0,0,0
0,frog,1,0,8,alive,-0.15125737863891664,-0.23926891157321717,0.9989073399774062,-0.8011920880127712,0.34895119197191105,4,5,1,54,0
0,frog,2,0,2,wall,-0.10738745808919559,-0.02825209616399227,-0.16019205151115457,0.7257930388969582,-0.592092830084171,0,2,0,0,0
0,frog,3,0,4,wall,0.13451924925376346,-0.7566173884305363,-0.5322895222777713,0.37011337666621813,-0.5045902519354348,0,4,1,127,0
0,frog,4,0,1,wall,0.9908450929758263,0.7345131327253036,-0.8838758746837656,0.26117094946552033,0.40500823512694106,0,1,0,61,0
0,frog,5,0,4,wall,0.020356891914760533,0.4401066977343988,-0.9658113111734734,-0.6274910866690464,-0.3745741480905651,0,4,3,35,0
0,frog,6,0,5,success,-0.25623181525213456,0.5315527175784074,-0.8877175292498789,0.5115123143696758,-0.009169735500241805,2,5,0,116,1
0,frog,7,0,1,eaten_by_snake,0.511358077063129,-0.5628905267963509,0.5840050417645926,-0.06677243158107271,0.9078812537655347,0,1,2,11,0
0,frog,8,0,2,eaten_by_snake,-0.673233913141162,0.8260002023363178,-0.6595850315336977,0.5467515031886154,-0.7915981268939591,1,2,0,71,0
0,frog,9,0,4,eaten_by_snake,-0.978270356632468,-0.4559023667683708,0.33043424666979515,0.5216666702489774,-0.7086951925697913,5,4,0,70,0
0,frog,10,0,6,success,-0.1279641810701524,-0.024801110611856636,-0.5311854521885795,-0.35777432234740125,0.515880678952342,3,5,4,34,1
0,frog,11,0,3,wall,0.7802348697308921,0.9296707748020878,-0.2703113761663847,-0.13337952316203583,-0.6917162398693106,1,3,0,58,0
0,frog,12,0,1,eaten_by_snake,-0.052343088380195635,-0.551892441995324,0.6660880674296366,-0.9537243104352104,0.5161794550284926,0,1,2,25,0
0,frog,13,0,3,eaten_by_snake,-0.9418359148185629,0.2375776084735053,-0.5953691034613444,-0.7199103961319309,0.5819561053461417,2,3,0,34,0
0,frog,14,0,2,starvation,-0.22266582939415658,-0.3609953448152452,0.2972692163259383,-0.15683810369763052,-0.1968969383195487,1,2,3,71,0
0,frog,15,0,0,starvation,-0.8338622155652609,-0.5123721237662298,0.04578468246387035,-0.44222398252493167,0.3197749437093522,2,0,1,7,0
0,frog,16,0,5,eaten_by_snake,-0.6606364064681178,0.05660651196317623,0.517065936455511,-0.5133182024055887,-0.8746779727606666,1,5,0,41,0
0,frog,17,0,5,wall,0.27217592347227026,0.3517973201279532,0.7872781526528523,0.7930559520989773,0.3504215158400499,0,5,0,0,0
0,frog,18,0,0,eaten_by_snake,-0.7293643928200539,-0.5553558221950745,-0.7630484239201398,-0.1828907269039688,0.3537536828593024,3,0,0,168,0
0,frog,19,0,2,eaten_by_snake,-0.44554699506108797,-0.08205138542062018,-0.033610045228263496,-0.38630615085382214,-0.17137560083743297,1,2,3,43,0
0,consensus,wall_gene,0.9642857142857143,28,negative,0,0,0,0,0,0,0,0,0,0
0,consensus,food_gene,0.5087719298245614,57,no_consensus,0,0,0,0,0,0,0,0,0,0
0,consensus,snake_gene,0.55,20,no_consensus,0,0,0,0,0,0,0,0,0,0
0,consensus,grass_gene,0.5662768031189084,1026,no_consensus,0,0,0,0,0,0,0,0,0,0
0,consensus,water_gene,0,2,insufficient_data,0,0,0,0,0,0,0,0,0,0
0,snake,0,200.0,0,wall,0.8526266320893421,-0.016560526861122637,-0.4626838751950595,0.902528331108418,0.9507027895533369,0,0,0,0,0
0,snake,1,700.0,0,alive,-0.2952459720748237,0.804383455728835,0.5162399068727166,0.6172419881304749,0.45528290381581304,0,0,0,0,0
1,frog,0,0,0,starvation,-0.880112570876855,-0.8851190784783287,0.928483503049427,-0.9909181202311454,0.8053437969857569,2,0,2,32,0
1,frog,1,0,2,starvation,-0.3769002357817738,-0.23926891157321717,0.9989073399774062,-0.8011920880127712,0.34895119197191105,2,2,1,21,0
1,frog,2,0,10,alive,-0.33303031523205273,-0.02825209616399227,-0.16019205151115457,0.7257930388969582,-0.592092830084171,5,6,1,104,0
1,frog,3,0,0,wall,-0.09112360788909371,-0.7566173884305363,-0.5322895222777713,0.37011337666621813,-0.5045902519354348,1,0,0,10,0
1,frog,4,0,4,wall,0.7652022358329692,0.7345131327253036,-0.8838758746837656,0.26117094946552033,0.40500823512694106,2,4,8,105,0
1,frog,5,0,11,alive,-0.20528596522809664,0.4401066977343988,-0.9658113111734734,-0.6274910866690464,-0.3745741480905651,6,5,1,0,0
1,frog,6,0,9,eaten_by_snake,-0.4818746723949917,0.5315527175784074,-0.8877175292498789,0.5115123143696758,-0.009169735500241805,1,5,0,48,0
1,frog,7,0,1,wall,0.2857152199202718,-0.5628905267963509,0.5840050417645926,-0.06677243158107271,0.9078812537655347,1,1,1,0,0
1,frog,8,0,7,eaten_by_snake,-0.8988767702840191,0.8260002023363178,-0.6595850315336977,0.5467515031886154,-0.7915981268939591,2,5,1,60,0
1,frog,9,0,0,eaten_by_snake,-1.0,-0.4559023667683708,0.33043424666979515,0.5216666702489774,-0.7086951925697913,0,0,0,0,0
1,frog,10,0,4,starvation,-0.35360703821300954,-0.024801110611856636,-0.5311854521885795,-0.35777432234740125,0.515880678952342,4,4,1,148,0
1,frog,11,0,7,wall,0.5545920125880349,0.9296707748020878,-0.2703113761663847,-0.13337952316203583,-0.6917162398693106,2,5,2,57,0
1,frog,12,0,2,starvation,-0.2779859455230528,-0.551892441995324,0.6660880674296366,-0.9537243104352104,0.5161794550284926,6,2,1,48,0
1,frog,13,0,4,eaten_by_snake,-1.0,0.2375776084735053,-0.5953691034613444,-0.7199103961319309,0.5819561053461417,3,4,2,20,0
1,frog,14,0,1,starvation,-0.4483086865370137,-0.3609953448152452,0.2972692163259383,-0.15683810369763052,-0.1968969383195487,1,1,0,120,0
1,frog,15,0,0,starvation,-1.0,-0.5123721237662298,0.04578468246387035,-0.44222398252493167,0.3197749437093522,4,0,0,0,0
1,frog,16,0,7,alive,-0.886279263610975,0.05660651196317623,0.517065936455511,-0.5133182024055887,-0.8746779727606666,6,5,1,171,0
1,frog,17,0,4,wall,0.04653306632941309,0.3517973201279532,0.7872781526528523,0.7930559520989773,0.3504215158400499,1,4,0,120,0
1,frog,18,0,0,starvation,-0.9550072499629111,-0.5553558221950745,-0.7630484239201398,-0.1828907269039688,0.3537536828593024,4,0,3,0,0
1,frog,19,0,1,eaten_by_snake,-0.6711898522039451,-0.08205138542062018,-0.033610045228263496,-0.38630615085382214,-0.17137560083743297,1,1,1,0,0
1,consensus,wall_gene,0.8888888888888888,54,negative,0,0,0,0,0,0,0,0,0,0
1,consensus,food_gene,0.6851851851851852,54,no_consensus,0,0,0,0,0,0,0,0,0,0
1,consensus,snake_gene,0.7692307692307693,26,negative,0,0,0,0,0,0,0,0,0,0
1,consensus,grass_gene,0.5798872180451128,1064,no_consensus,0,0,0,0,0,0,0,0,0,0
1,consensus,water_gene,0,0,insufficient_data,0,0,0,0,0,0,0,0,0,0
1,snake,0,300.0,0,alive,-0.16909605716582665,-0.3920551868101978,0.48497679417205597,0.2298128236706538,-0.4468706398803308,0,0,0,0,0
1,snake,1,200.0,0,wall,0.0088493793461768,-0.004265954061541288,-0.677785184887223,-0.417973351091113,0.6531494692443032,0,0,0,0,0
2,frog,0,0,3,starvation,-1.0,-0.8851190784783287,0.81156042612635,-0.9909181202311454,0.8053437969857569,2,3,2,74,0
2,frog,1,0,0,starvation,-0.6435669024484405,-0.23926891157321717,0.8819842630543293,-0.8011920880127712,0.34895119197191105,1,0,1,0,0
2,frog,2,0,0,eaten_by_snake,-0.5996969818987195,-0.02825209616399227,-0.2771151284342315,0.7257930388969582,-0.592092830084171,1,0,0,0,0
2,frog,3,0,3,starvation,-0.3577902745557604,-0.7566173884305363,-0.6492125992008482,0.37011337666621813,-0.5045902519354348,3,3,17,0,0
2,frog,4,0,7,eaten_by_snake,0.49853556916630254,0.7345131327253036,-1.0,0.26117094946552033,0.40500823512694106,1,5,0,0,0
2,frog,5,0,15,alive,-0.47195263189476333,0.4401066977343988,-1.0,-0.6274910866690464,-0.3745741480905651,2,5,1,31,0
2,frog,6,0,7,alive,-0.7485413390616584,0.5315527175784074,-1.0,0.5115123143696758,-0.009169735500241805,4,5,0,131,0
2,frog,7,0,0,starvation,0.01904855325360516,-0.5628905267963509,0.46708196484151565,-0.06677243158107271,0.9078812537655347,1,0,0,184,0
2,frog,8,0,12,eaten_by_snake,-1.0,0.8260002023363178,-0.7765081084567746,0.5467515031886154,-0.7915981268939591,3,5,0,96,0
2,frog,9,0,3,alive,-1.0,-0.4559023667683708,0.21351116974671822,0.5216666702489774,-0.7086951925697913,4,3,2,299,0
2,frog,10,0,5,success,-0.6202737048796763,-0.024801110611856636,-0.6481085291116564,-0.35777432234740125,0.515880678952342,4,5,2,0,1
2,frog,11,0,1,wall,0.28792534592136826,0.9296707748020878,-0.3872344530894616,-0.13337952316203583,-0.6917162398693106,1,1,0,0,0
2,frog,12,0,0,eaten_by_snake,-0.5446526121897195,-0.551892441995324,0.5491649905065596,-0.9537243104352104,0.5161794550284926,1,0,0,29,0
2,frog,13,0,6,success,-1.0,0.2375776084735053,-0.7122921803844213,-0.7199103961319309,0.5819561053461417,3,5,1,0,1
2,frog,14,0,11,alive,-0.7149753532036804,-0.3609953448152452,0.18034613940286134,-0.15683810369763052,-0.1968969383195487,5,5,1,150,0
2,frog,15,0,1,starvation,-1.0,-0.5123721237662298,-0.07113839445920658,-0.44222398252493167,0.3197749437093522,4,1,0,0,0
2,frog,16,0,0,eaten_by_snake,-1.0,0.05660651196317623,0.4001428595324341,-0.5133182024055887,-0.8746779727606666,1,0,0,0,0
2,frog,17,0,2,wall,-0.22013360033725357,0.3517973201279532,0.6703550757297754,0.7930559520989773,0.3504215158400499,1,2,0,0,0
2,frog,18,0,1,starvation,-1.0,-0.5553558221950745,-0.8799715008432167,-0.1828907269039688,0.3537536828593024,3,1,0,0,0
2,frog,19,0,5,success,-0.9378565188706118,-0.08205138542062018,-0.15053312215134043,-0.38630615085382214,-0.17137560083743297,5,5,1,142,1
2,consensus,wall_gene,0.94,50,negative,0,0,0,0,0,0,0,0,0,0
2,consensus,food_gene,0.5185185185185185,54,no_consensus,0,0,0,0,0,0,0,0,0,0
2,consensus,snake_gene,0.7857142857142857,28,negative,0,0,0,0,0,0,0,0,0,0
2,consensus,grass_gene,0.5369718309859155,1136,no_consensus,0,0,0,0,0,0,0,0,0,0
2,consensus,water_gene,0,3,insufficient_data,0,0,0,0,0,0,0,0,0,0
2,snake,0,300.0,0,wall,0.2799831855764958,0.22810439403376548,-0.7159814577287589,0.8141917543126873,-0.22191731745118215,0,0,0,0,0
2,snake,1,200.0,0,alive,-0.2670071004829453,0.9211913893445509,0.7011405155364971,-0.05742644484274684,-0.5218811013040836,0,0,0,0,0
3,frog,0,0,1,eaten_by_snake,-1.0,-0.8851190784783287,0.6889889975549215,-0.9909181202311454,0.8053437969857569,0,1,0,0,0
3,frog,1,0,2,starvation,-0.9255669024484405,-0.23926891157321717,0.7594128344829008,-0.8011920880127712,0.34895119197191105,3,2,1,74,0
3,frog,2,0,13,success,-0.8816969818987195,-0.02825209616399227,-0.39968655700566,0.7257930388969582,-0.592092830084171,2,5,1,49,1
3,frog,3,0,1,wall,-0.6397902745557604,-0.7566173884305363,-0.7717840277722767,0.37011337666621813,-0.5045902519354348,2,1,1,33,0
3,frog,4,0,5,wall,0.21653556916630257,0.7345131327253036,-1.0,0.26117094946552033,0.40500823512694106,1,5,0,65,0
3,frog,5,0,10,eaten_by_snake,-0.7539526318947634,0.4401066977343988,-1.0,-0.6274910866690464,-0.3745741480905651,4,5,0,0,0
3,frog,6,0,5,success,-1.0,0.5315527175784074,-1.0,0.5115123143696758,-0.009169735500241805,4,5,14,38,1
3,frog,7,0,1,starvation,-0.2629514467463948,-0.5628905267963509,0.3445105362700871,-0.06677243158107271,0.9078812537655347,5,1,0,0,0
3,frog,8,0,6,success,-1.0,0.8260002023363178,-0.8990795370282032,0.5467515031886154,-0.7915981268939591,1,5,0,0,1
3,frog,9,0,1,eaten_by_snake,-1.0,-0.4559023667683708,0.09093974117528965,0.5216666702489774,-0.7086951925697913,1,1,0,97,0
3,frog,10,0,5,success,-0.9022737048796763,-0.024801110611856636,-0.770679957683085,-0.35777432234740125,0.515880678952342,2,5,0,4,1
3,frog,11,0,8,wall,0.005925345921368286,0.9296707748020878,-0.5098058816608901,-0.13337952316203583,-0.6917162398693106,1,5,0,0,0
3,frog,12,0,0,eaten_by_snake,-0.8266526121897195,-0.551892441995324,0.4265935619351311,-0.9537243104352104,0.5161794550284926,0,0,1,0,0
3,frog,13,0,6,success,-1.0,0.2375776084735053,-0.8348636089558499,-0.7199103961319309,0.5819561053461417,3,5,1,26,1
3,frog,14,0,4,alive,-0.9969753532036805,-0.3609953448152452,0.05777471083143278,-0.15683810369763052,-0.1968969383195487,4,4,1,378,0
3,frog,15,0,1,starvation,-1.0,-0.5123721237662298,-0.19370982303063516,-0.44222398252493167,0.3197749437093522,1,1,0,33,0
3,frog,16,0,1,eaten_by_snake,-1.0,0.05660651196317623,0.27757143096100556,-0.5133182024055887,-0.8746779727606666,0,1,1,8,0
3,frog,17,0,6,success,-0.5021336003372535,0.3517973201279532,0.5477836471583468,0.7930559520989773,0.3504215158400499,5,5,2,129,1
3,frog,18,0,3,starvation,-1.0,-0.5553558221950745,-1.0,-0.1828907269039688,0.3537536828593024,3,3,0,0,0
3,frog,19,0,2,starvation,-1.0,-0.08205138542062018,-0.273104550722769,-0.38630615085382214,-0.17137560083743297,2,2,1,63,0
3,consensus,wall_gene,0.9545454545454546,44,negative,0,0,0,0,0,0,0,0,0,0
3,consensus,food_gene,0.5806451612903226,62,no_consensus,0,0,0,0,0,0,0,0,0,0
3,consensus,snake_gene,0.75,24,negative,0,0,0,0,0,0,0,0,0,0
3,consensus,grass_gene,0.5877632898696088,997,no_consensus,0,0,0,0,0,0,0,0,0,0
3,consensus,water_gene,0,6,insufficient_data,0,0,0,0,0,0,0,0,0,0
3,snake,0,100.0,0,wall,0.9817218649092243,0.8631639504752193,-0.9804549856866787,-0.995302528039161,0.2776429619600873,0,0,0,0,0
3,snake,1,400.0,0,alive,-0.17952515743926867,0.8028317735456143,-0.9527658021856729,-0.6960044025069887,0.7683590889332674,0,0,0,0,0
4,frog,0,0,0,starvation,-1.0,-0.8851190784783287,0.5779889975549215,-0.9909181202311454,0.8053437969857569,5,0,1,0,0
4,frog,1,0,12,alive,-1.0,-0.23926891157321717,0.6484128344829008,-0.8011920880127712,0.34895119197191105,6,5,0,0,0
4,frog,2,0,2,eaten_by_snake,-1.0,-0.02825209616399227,-0.51068655700566,0.7257930388969582,-0.592092830084171,1,2,9,54,0
4,frog,3,0,1,starvation,-0.9089720927375786,-0.7566173884305363,-0.8827840277722767,0.37011337666621813,-0.5045902519354348,5,1,1,4,0
4,frog,4,0,1,wall,-0.05264624901551562,0.7345131327253036,-1.0,0.26117094946552033,0.40500823512694106,0,1,0,0,0
4,frog,5,0,5,success,-1.0,0.4401066977343988,-1.0,-0.6274910866690464,-0.3745741480905651,3,5,0,0,1
4,frog,6,0,9,alive,-1.0,0.5315527175784074,-1.0,0.5115123143696758,-0.009169735500241805,3,5,0,223,0
4,frog,7,0,2,eaten_by_snake,-0.532133264928213,-0.5628905267963509,0.23351053627008708,-0.06677243158107271,0.9078812537655347,1,2,0,61,0
4,frog,8,0,7,alive,-1.0,0.8260002023363178,-1.0,0.5467515031886154,-0.7915981268939591,6,5,11,245,0
4,frog,9,0,0,starvation,-1.0,-0.4559023667683708,-0.020060258824710367,0.5216666702489774,-0.7086951925697913,2,0,3,0,0
4,frog,10,0,1,starvation,-1.0,-0.024801110611856636,-0.8816799576830849,-0.35777432234740125,0.515880678952342,2,1,9,6,0
4,frog,11,0,7,eaten_by_snake,-0.2632564722604499,0.9296707748020878,-0.6208058816608901,-0.13337952316203583,-0.6917162398693106,2,5,0,0,0
4,frog,12,0,0,eaten_by_snake,-1.0,-0.551892441995324,0.3155935619351311,-0.9537243104352104,0.5161794550284926,1,0,2,9,0
4,frog,13,0,5,success,-1.0,0.2375776084735053,-0.9458636089558499,-0.7199103961319309,0.5819561053461417,2,5,0,30,1
4,frog,14,0,1,eaten_by_snake,-1.0,-0.3609953448152452,-0.05322528916856724,-0.15683810369763052,-0.1968969383195487,1,1,0,5,0
4,frog,15,0,0,starvation,-1.0,-0.5123721237662298,-0.3047098230306352,-0.44222398252493167,0.3197749437093522,4,0,4,33,0
4,frog,16,0,10,alive,-1.0,0.05660651196317623,0.16657143096100555,-0.5133182024055887,-0.8746779727606666,4,5,1,31,0
4,frog,17,0,7,eaten_by_snake,-0.7713154185190717,0.3517973201279532,0.43678364715834683,0.7930559520989773,0.3504215158400499,3,5,0,155,0
4,frog,18,0,2,starvation,-1.0,-0.5553558221950745,-1.0,-0.1828907269039688,0.3537536828593024,1,2,11,103,0
4,frog,19,0,3,eaten_by_snake,-1.0,-0.08205138542062018,-0.38410455072276906,-0.38630615085382214,-0.17137560083743297,1,3,2,21,0
4,consensus,wall_gene,1.0,53,negative,0,0,0,0,0,0,0,0,0,0
4,consensus,food_gene,0.6792452830188679,53,no_consensus,0,0,0,0,0,0,0,0,0,0
4,consensus,snake_gene,0.9259259259259259,54,negative,0,0,0,0,0,0,0,0,0,0
4,consensus,grass_gene,0.6948979591836735,980,no_consensus,0,0,0,0,0,0,0,0,0,0
4,consensus,water_gene,0,2,insufficient_data,0,0,0,0,0,0,0,0,0,0
4,snake,0,600.0,0,alive,-0.7379109454263222,0.644591082654058,0.10409274432113658,0.7813779520994826,-0.30550027891442655,0,0,0,0,0
4,snake,1,100.0,0,wall,0.1562772116241744,0.8337086090978165,0.4913491187610448,-0.009986939169406961,0.19109866194468705,0,0,0,0,0
5,frog,0,0,0,starvation,-1.0,-0.8851190784783287,0.3002112197771437,-0.9909181202311454,0.8053437969857569,2,0,0,4,0
5,frog,1,0,1,starvation,-1.0,-0.23926891157321717,0.370635056705123,-0.8011920880127712,0.34895119197191105,6,1,0,33,0
5,frog,2,0,1,eaten_by_snake,-1.0,-0.02825209616399227,-0.7884643347834378,0.7257930388969582,-0.592092830084171,0,1,2,57,0
5,frog,3,0,2,wall,-1.0,-0.7566173884305363,-1.0,0.37011337666621813,-0.5045902519354348,1,2,0,0,0
5,frog,4,0,6,success,-0.35264624901551567,0.7345131327253036,-1.0,0.26117094946552033,0.40500823512694106,2,5,1,48,1
5,frog,5,0,0,wall,-1.0,0.4401066977343988,-1.0,-0.6274910866690464,-0.3745741480905651,0,0,0,0,0
5,frog,6,0,6,eaten_by_snake,-1.0,0.5315527175784074,-1.0,0.5115123143696758,-0.009169735500241805,2,5,0,98,0
5,frog,7,0,0,wall,-0.832133264928213,-0.5628905267963509,-0.04426724150769071,-0.06677243158107271,0.9078812537655347,0,0,1,0,0
5,frog,8,0,11,alive,-1.0,0.8260002023363178,-1.0,0.5467515031886154,-0.7915981268939591,4,5,1,0,0
5,frog,9,0,0,starvation,-1.0,-0.4559023667683708,-0.29783803660248814,0.5216666702489774,-0.7086951925697913,0,0,5,40,0
5,frog,10,0,5,success,-1.0,-0.024801110611856636,-1.0,-0.35777432234740125,0.515880678952342,2,5,0,0,1
5,frog,11,0,11,eaten_by_snake,-0.56325647226045,0.9296707748020878,-0.8985836594386679,-0.13337952316203583,-0.6917162398693106,4,5,0,156,0
5,frog,12,0,1,eaten_by_snake,-1.0,-0.551892441995324,0.037815784157353316,-0.9537243104352104,0.5161794550284926,4,1,1,0,0
5,frog,13,0,3,eaten_by_snake,-1.0,0.2375776084735053,-1.0,-0.7199103961319309,0.5819561053461417,0,3,8,26,0
5,frog,14,0,1,starvation,-1.0,-0.3609953448152452,-0.331003066946345,-0.15683810369763052,-0.1968969383195487,0,1,2,32,0
5,frog,15,0,0,starvation,-1.0,-0.5123721237662298,-0.582487600808413,-0.44222398252493167,0.3197749437093522,2,0,0,26,0
5,frog,16,0,11,eaten_by_snake,-1.0,0.05660651196317623,-0.11120634681677224,-0.5133182024055887,-0.8746779727606666,3,5,0,38,0
5,frog,17,0,1,eaten_by_snake,-1.0,0.3517973201279532,0.15900586938056904,0.7930559520989773,0.3504215158400499,1,1,0,61,0
5,frog,18,0,0,starvation,-1.0,-0.5553558221950745,-1.0,-0.1828907269039688,0.3537536828593024,0,0,7,30,0
5,frog,19,0,5,success,-1.0,-0.08205138542062018,-0.6618823285005468,-0.38630615085382214,-0.17137560083743297,4,5,3,109,1
5,consensus,wall_gene,1.0,37,negative,0,0,0,0,0,0,0,0,0,0
5,consensus,food_gene,0.6444444444444445,45,no_consensus,0,0,0,0,0,0,0,0,0,0
5,consensus,snake_gene,0.967741935483871,31,negative,0,0,0,0,0,0,0,0,0,0
5,consensus,grass_gene,0.5989445910290238,758,no_consensus,0,0,0,0,0,0,0,0,0,0
5,consensus,water_gene,0,3,insufficient_data,0,0,0,0,0,0,0,0,0,0
5,snake,0,500.0,0,alive,-0.5919241568777827,0.8910350383778713,-0.16436826347112343,-0.09447493675724261,0.34444744302327046,0,0,0,0,0
5,snake,1,200.0,0,wall,-0.030041290120265796,0.8789220659441894,-0.42043940311144556,0.5049231990520664,0.21426274793652533,0,0,0,0,0
6,frog,0,0,0,starvation,-1.0,-0.8851190784783287,0.06504992945456303,-0.9909181202311454,0.8053437969857569,2,0,0,0,0
6,frog,1,0,5,success,-1.0,-0.23926891157321717,0.1354737663825423,-0.8011920880127712,0.34895119197191105,3,5,0,24,1
6,frog,2,0,2,starvation,-1.0,-0.02825209616399227,-1.0,0.7257930388969582,-0.592092830084171,2,2,1,139,0
6,frog,3,0,0,starvation,-1.0,-0.7566173884305363,-1.0,0.37011337666621813,-0.5045902519354348,4,0,0,0,0
6,frog,4,0,8,success,-0.6136462490155157,0.7345131327253036,-1.0,0.26117094946552033,0.40500823512694106,1,5,0,0,1
6,frog,5,0,12,eaten_by_snake,-1.0,0.4401066977343988,-1.0,-0.6274910866690464,-0.3745741480905651,4,5,1,0,0
6,frog,6,0,10,success,-1.0,0.5315527175784074,-1.0,0.5115123143696758,-0.009169735500241805,1,5,0,42,1
6,frog,7,0,1,eaten_by_snake,-1.0,-0.5628905267963509,-0.2794285318302714,-0.06677243158107271,0.9078812537655347,3,1,0,25,0
6,frog,8,0,6,alive,-1.0,0.8260002023363178,-1.0,0.5467515031886154,-0.7915981268939591,3,5,2,43,0
6,frog,9,0,0,wall,-1.0,-0.4559023667683708,-0.5329993269250688,0.5216666702489774,-0.7086951925697913,1,0,0,0,0
6,frog,10,0,2,starvation,-1.0,-0.024801110611856636,-1.0,-0.35777432234740125,0.515880678952342,3,2,1,29,0
6,frog,11,0,10,eaten_by_snake,-0.82425647226045,0.9296707748020878,-1.0,-0.13337952316203583,-0.6917162398693106,2,5,1,0,0
6,frog,12,0,0,starvation,-1.0,-0.551892441995324,-0.19734550616522736,-0.9537243104352104,0.5161794550284926,5,0,2,0,0
6,frog,13,0,5,success,-1.0,0.2375776084735053,-1.0,-0.7199103961319309,0.5819561053461417,1,5,2,0,1
6,frog,14,0,0,starvation,-1.0,-0.3609953448152452,-0.5661643572689257,-0.15683810369763052,-0.1968969383195487,3,0,4,0,0
6,frog,15,0,2,starvation,-1.0,-0.5123721237662298,-0.8176488911309937,-0.44222398252493167,0.3197749437093522,3,2,0,0,0
6,frog,16,0,6,success,-1.0,0.05660651196317623,-0.3463676371393529,-0.5133182024055887,-0.8746779727606666,1,5,1,0,1
6,frog,17,0,1,eaten_by_snake,-1.0,0.3517973201279532,-0.07615542094201164,0.7930559520989773,0.3504215158400499,1,1,1,0,0
6,frog,18,0,1,eaten_by_snake,-1.0,-0.5553558221950745,-1.0,-0.1828907269039688,0.3537536828593024,0,1,0,15,0
6,frog,19,0,10,alive,-1.0,-0.08205138542062018,-0.8970436188231276,-0.38630615085382214,-0.17137560083743297,5,5,0,0,0
6,consensus,wall_gene,1.0,48,negative,0,0,0,0,0,0,0,0,0,0
6,consensus,food_gene,0.6666666666666666,54,no_consensus,0,0,0,0,0,0,0,0,0,0
6,consensus,snake_gene,1.0,16,negative,0,0,0,0,0,0,0,0,0,0
6,consensus,grass_gene,0.7066246056782335,317,positive,0,0,0,0,0,0,0,0,0,0
6,consensus,water_gene,0,5,insufficient_data,0,0,0,0,0,0,0,0,0,0
6,snake,0,0.0,0,wall,0.9744236707341725,-0.7096741587754269,0.8026444742710162,0.5452264297178318,0.5567417655621165,0,0,0,0,0
6,snake,1,500.0,0,alive,-0.7513606669431723,-0.5802907573783009,0.6881530299207372,-0.7915123413537912,-0.3360061566274346,0,0,0,0,0
7,frog,0,0,1,starvation,-1.0,-0.8851190784783287,-0.132950070545437,-0.8495931990954988,0.8053437969857569,3,1,3,0,0
7,frog,1,0,2,eaten_by_snake,-1.0,-0.23926891157321717,-0.06252623361745774,-0.6598671668771245,0.34895119197191105,2,2,1,51,0
7,frog,2,0,8,alive,-1.0,-0.02825209616399227,-1.0,0.8671179600326049,-0.592092830084171,4,5,7,189,0
7,frog,3,0,3,alive,-1.0,-0.7566173884305363,-1.0,0.5114382978018648,-0.5045902519354348,6,3,11,331,0
7,frog,4,0,6,success,-0.9076462490155157,0.7345131327253036,-1.0,0.40249587060116704,0.40500823512694106,3,5,0,49,1
7,frog,5,0,5,success,-1.0,0.4401066977343988,-1.0,-0.4861661655333997,-0.3745741480905651,1,5,0,0,1
7,frog,6,0,9,eaten_by_snake,-1.0,0.5315527175784074,-1.0,0.6528372355053225,-0.009169735500241805,4,5,10,67,0
7,frog,7,0,2,starvation,-1.0,-0.5628905267963509,-0.47742853183027145,0.074552489554574,0.9078812537655347,2,2,1,0,0
7,frog,8,0,5,eaten_by_snake,-1.0,0.8260002023363178,-1.0,0.6880764243242621,-0.7915981268939591,1,5,0,116,0
7,frog,9,0,0,eaten_by_snake,-1.0,-0.4559023667683708,-0.7309993269250689,0.662991591384624,-0.7086951925697913,4,0,0,115,0
7,frog,10,0,4,eaten_by_snake,-1.0,-0.024801110611856636,-1.0,-0.21644940121175454,0.515880678952342,5,4,6,261,0
7,frog,11,0,6,success,-1.0,0.9296707748020878,-1.0,0.00794539797361088,-0.6917162398693106,5,5,5,144,1
7,frog,12,0,0,starvation,-1.0,-0.551892441995324,-0.3953455061652274,-0.8123993892995638,0.5161794550284926,4,0,2,0,0
7,frog,13,0,2,starvation,-1.0,0.2375776084735053,-1.0,-0.5785854749962842,0.5819561053461417,2,2,0,30,0
7,frog,14,0,3,starvation,-1.0,-0.3609953448152452,-0.7641643572689257,-0.015513182561983807,-0.1968969383195487,3,3,2,98,0
7,frog,15,0,1,starvation,-1.0,-0.5123721237662298,-1.0,-0.30089906138928496,0.3197749437093522,2,1,4,24,0
7,frog,16,0,8,success,-1.0,0.05660651196317623,-0.544367637139353,-0.37199328126994197,-0.8746779727606666,5,5,0,0,1
7,frog,17,0,8,eaten_by_snake,-1.0,0.3517973201279532,-0.2741554209420117,0.9343808732346239,0.3504215158400499,1,5,1,0,0
7,frog,18,0,4,starvation,-1.0,-0.5553558221950745,-1.0,-0.041565805768322084,0.3537536828593024,4,4,15,210,0
7,frog,19,0,3,starvation,-1.0,-0.08205138542062018,-1.0,-0.24498122971817543,-0.17137560083743297,1,3,8,52,0
7,consensus,wall_gene,1.0,62,negative,0,0,0,0,0,0,0,0,0,0
7,consensus,food_gene,0.5692307692307692,65,no_consensus,0,0,0,0,0,0,0,0,0,0
7,consensus,snake_gene,1.0,76,negative,0,0,0,0,0,0,0,0,0,0
7,consensus,grass_gene,0.5820379965457686,1737,no_consensus,0,0,0,0,0,0,0,0,0,0
7,consensus,water_gene,0,4,insufficient_data,0,0,0,0,0,0,0,0,0,0
7,snake,0,300.0,0,alive,-0.9464108187294114,-0.5241286062484782,-0.2270524419675377,0.13105057791975083,-0.5800265151089359,0,0,0,0,0
7,snake,1,300.0,0,alive,-0.3789179419918345,0.18576816903711224,0.7607114795392369,-0.05320295537286768,-0.6379419446910031,0,0,0,0,0
8,frog,0,0,0,starvation,-1.0,-0.8851190784783287,-0.43295007054543705,-0.8495931990954988,0.8053437969857569,1,0,1,0,0
8,frog,1,0,2,starvation,-1.0,-0.23926891157321717,-0.3625262336174578,-0.6598671668771245,0.34895119197191105,3,2,1,51,0
8,frog,2,0,6,alive,-1.0,-0.02825209616399227,-1.0,0.8671179600326049,-0.592092830084171,6,5,0,121,0
8,frog,3,0,1,starvation,-1.0,-0.7566173884305363,-1.0,0.5114382978018648,-0.5045902519354348,1,1,5,74,0
8,frog,4,0,5,success,-1.0,0.7345131327253036,-1.0,0.40249587060116704,0.40500823512694106,2,5,0,0,1
8,frog,5,0,0,eaten_by_snake,-1.0,0.4401066977343988,-1.0,-0.4861661655333997,-0.3745741480905651,0,0,0,0,0
8,frog,6,0,6,success,-1.0,0.5315527175784074,-1.0,0.6528372355053225,-0.009169735500241805,4,5,0,61,1
8,frog,7,0,0,starvation,-1.0,-0.5628905267963509,-0.7774285318302715,0.074552489554574,0.9078812537655347,0,0,6,42,0
8,frog,8,0,12,alive,-1.0,0.8260002023363178,-1.0,0.6880764243242621,-0.7915981268939591,5,5,1,103,0
8,frog,9,0,2,starvation,-1.0,-0.4559023667683708,-1.0,0.662991591384624,-0.7086951925697913,5,2,1,58,0
8,frog,10,0,5,success,-1.0,-0.024801110611856636,-1.0,-0.21644940121175454,0.515880678952342,1,5,21,71,1
8,frog,11,0,8,alive,-1.0,0.9296707748020878,-1.0,0.00794539797361088,-0.6917162398693106,5,5,6,86,0
8,frog,12,0,0,starvation,-1.0,-0.551892441995324,-0.6953455061652274,-0.8123993892995638,0.5161794550284926,2,0,7,36,0
8,frog,13,0,5,success,-1.0,0.2375776084735053,-1.0,-0.5785854749962842,0.5819561053461417,0,5,0,16,1
8,frog,14,0,0,starvation,-1.0,-0.3609953448152452,-1.0,-0.015513182561983807,-0.1968969383195487,6,0,0,41,0
8,frog,15,0,1,starvation,-1.0,-0.5123721237662298,-1.0,-0.30089906138928496,0.3197749437093522,5,1,8,39,0
8,frog,16,0,7,alive,-1.0,0.05660651196317623,-0.844367637139353,-0.37199328126994197,-0.8746779727606666,7,5,2,12,0
8,frog,17,0,8,success,-1.0,0.3517973201279532,-0.5741554209420117,0.9343808732346239,0.3504215158400499,4,5,1,59,1
8,frog,18,0,2,starvation,-1.0,-0.5553558221950745,-1.0,-0.041565805768322084,0.3537536828593024,3,2,1,85,0
8,frog,19,0,7,eaten_by_snake,-1.0,-0.08205138542062018,-1.0,-0.24498122971817543,-0.17137560083743297,3,5,1,43,0
8,consensus,wall_gene,1.0,63,negative,0,0,0,0,0,0,0,0,0,0
8,consensus,food_gene,0.603448275862069,58,no_consensus,0,0,0,0,0,0,0,0,0,0
8,consensus,snake_gene,1.0,62,negative,0,0,0,0,0,0,0,0,0,0
8,consensus,grass_gene,0.6052104208416834,998,no_consensus,0,0,0,0,0,0,0,0,0,0
8,consensus,water_gene,0,5,insufficient_data,0,0,0,0,0,0,0,0,0,0
8,snake,0,100.0,0,wall,0.40329540177378154,-0.32539784885403034,-0.16537584286061024,0.6173614673200682,-0.4781042315006292,0,0,0,0,0
8,snake,1,100.0,0,alive,-0.435711050474364,-0.945861810416003,-0.7527563601648595,0.26167992014912733,-0.5684539066856193,0,0,0,0,0
9,frog,0,0,0,starvation,-1.0,0.4705922466992354,-0.732950070545437,-0.8495931990954988,0.8053437969857569,1,0,0,0,0
9,frog,1,0,0,starvation,-1.0,0.5468596624757374,-0.6625262336174578,-0.6598671668771245,0.34895119197191105,2,0,0,35,0
9,frog,2,0,4,starvation,-1.0,0.707272778795734,-1.0,0.8671179600326049,-0.592092830084171,4,4,0,415,0
9,frog,3,0,0,starvation,-1.0,0.9886564474041764,-1.0,0.5114382978018648,-0.5045902519354348,3,0,0,65,0
9,frog,4,0,6,success,-1.0,0.2126481064304102,-1.0,0.40249587060116704,0.40500823512694106,3,5,0,0,1
9,frog,5,0,8,alive,-1.0,0.2151756390968984,-1.0,-0.4861661655333997,-0.3745741480905651,6,5,1,6,0
9,frog,6,0,5,alive,-1.0,0.9943314241567691,-1.0,0.6528372355053225,-0.009169735500241805,3,5,0,371,0
9,frog,7,0,3,starvation,-1.0,-0.5015507422310428,-1.0,0.074552489554574,0.9078812537655347,4,3,0,127,0
9,frog,8,0,6,alive,-1.0,0.7221574919311593,-1.0,0.6880764243242621,-0.7915981268939591,5,5,0,98,0
9,frog,9,0,4,alive,-1.0,0.15155334897205375,-1.0,0.662991591384624,-0.7086951925697913,6,4,2,221,0
9,frog,10,0,5,success,-1.0,-0.9541776062457508,-1.0,-0.21644940121175454,0.515880678952342,1,5,0,84,1
9,frog,11,0,10,alive,-1.0,0.491944209038333,-1.0,0.00794539797361088,-0.6917162398693106,3,5,3,42,0
9,frog,12,0,2,starvation,-1.0,-0.6548184953388902,-0.9953455061652274,-0.8123993892995638,0.5161794550284926,8,2,0,0,0
9,frog,13,0,4,starvation,-1.0,-0.3932987148412781,-1.0,-0.5785854749962842,0.5819561053461417,3,4,0,47,0
9,frog,14,0,2,starvation,-1.0,-0.535510166133583,-1.0,-0.015513182561983807,-0.1968969383195487,1,2,0,143,0
9,frog,15,0,6,success,-1.0,0.7266050256454404,-1.0,-0.30089906138928496,0.3197749437093522,2,5,3,50,1
9,frog,16,0,6,alive,-1.0,-0.2943098843147596,-1.0,-0.37199328126994197,-0.8746779727606666,6,5,0,45,0
9,frog,17,0,8,success,-1.0,-0.8288409521339128,-0.8741554209420117,0.9343808732346239,0.3504215158400499,1,5,0,47,1
9,frog,18,0,2,starvation,-1.0,-0.9052644059711605,-1.0,-0.041565805768322084,0.3537536828593024,2,2,0,0,0
9,frog,19,0,5,success,-1.0,0.9966132886091028,-1.0,-0.24498122971817543,-0.17137560083743297,5,5,0,0,1
9,consensus,wall_gene,1.0,69,negative,0,0,0,0,0,0,0,0,0,0
9,consensus,food_gene,0.5492957746478874,71,no_consensus,0,0,0,0,0,0,0,0,0,0
9,consensus,snake_gene,1.0,9,negative,0,0,0,0,0,0,0,0,0,0
9,consensus,grass_gene,0.7717149220489977,1796,positive,0,0,0,0,0,0,0,0,0,0
9,consensus,water_gene,0,5,insufficient_data,0,0,0,0,0,0,0,0,0,0
9,snake,0,0.0,0,wall,-0.06296657020099028,0.33442209767457465,0.3086189123453196,-0.9921548959179396,0.9429546922847425,0,0,0,0,0
9,snake,1,0.0,0,wall,-0.06932988622675529,-0.40611357131436976,-0.5624909263479196,-0.7773865573241732,-0.46352951367762163,0,0,0,0,0
10,frog,0,0,5,success,-1.0,0.4705922466992354,-0.9099500705454371,-0.6952502146856993,0.8053437969857569,1,5,0,21,1
10,frog,1,0,8,success,-1.0,0.5468596624757374,-0.8395262336174578,-0.505524182467325,0.34895119197191105,3,5,0,0,1
10,frog,2,0,3,eaten_by_snake,-1.0,0.707272778795734,-1.0,1.0,-0.592092830084171,3,3,3,123,0
10,frog,3,0,7,eaten_by_snake,-1.0,0.9886564474041764,-1.0,0.6657812822116643,-0.5045902519354348,2,5,0,0,0
10,frog,4,0,7,alive,-1.0,0.2126481064304102,-1.0,0.5568388550109666,0.40500823512694106,5,5,6,161,0
10,frog,5,0,7,alive,-1.0,0.2151756390968984,-1.0,-0.33182318112360015,-0.3745741480905651,4,5,0,0,0
10,frog,6,0,6,success,-1.0,0.9943314241567691,-1.0,0.807180219915122,-0.009169735500241805,2,5,0,0,1
10,frog,7,0,1,starvation,-1.0,-0.5015507422310428,-1.0,0.22889547396437354,0.9078812537655347,2,1,0,124,0
10,frog,8,0,9,alive,-1.0,0.7221574919311593,-1.0,0.8424194087340616,-0.7915981268939591,3,5,0,180,0
10,frog,9,0,5,eaten_by_snake,-1.0,0.15155334897205375,-1.0,0.8173345757944236,-0.7086951925697913,4,5,4,119,0
10,frog,10,0,0,starvation,-1.0,-0.9541776062457508,-1.0,-0.062106416801955,0.515880678952342,1,0,0,54,0
10,frog,11,0,9,alive,-1.0,0.491944209038333,-1.0,0.16228838238341042,-0.6917162398693106,4,5,0,49,0
10,frog,12,0,1,starvation,-1.0,-0.6548184953388902,-1.0,-0.6580564048897642,0.5161794550284926,3,1,1,0,0
10,frog,13,0,3,starvation,-1.0,-0.3932987148412781,-1.0,-0.42424249058648467,0.5819561053461417,2,3,2,17,0
10,frog,14,0,3,starvation,-1.0,-0.535510166133583,-1.0,0.13882980184781574,-0.1968969383195487,5,3,1,0,0
10,frog,15,0,5,eaten_by_snake,-1.0,0.7266050256454404,-1.0,-0.14655607697948542,0.3197749437093522,2,5,0,65,0
10,frog,16,0,2,starvation,-1.0,-0.2943098843147596,-1.0,-0.21765029686014242,-0.8746779727606666,3,2,1,0,0
10,frog,17,0,1,starvation,-1.0,-0.8288409521339128,-1.0,1.0,0.3504215158400499,3,1,0,0,0
10,frog,18,0,0,eaten_by_snake,-1.0,-0.9052644059711605,-1.0,0.11277717864147746,0.3537536828593024,0,0,11,48,0
10,frog,19,0,7,success,-1.0,0.9966132886091028,-1.0,-0.09063824530837589,-0.17137560083743297,2,5,0,161,1
10,consensus,wall_gene,1.0,54,negative,0,0,0,0,0,0,0,0,0,0
10,consensus,food_gene,0.8405797101449275,69,positive,0,0,0,0,0,0,0,0,0,0
10,consensus,snake_gene,1.0,29,negative,0,0,0,0,0,0,0,0,0,0
10,consensus,grass_gene,0.7165775401069518,1122,positive,0,0,0,0,0,0,0,0,0,0
10,consensus,water_gene,0,4,insufficient_data,0,0,0,0,0,0,0,0,0,0
10,snake,0,500.0,0,alive,-0.6920128758645194,0.24575644662047114,0.509051992384719,0.8271365700006539,-0.21176289375281732,0,0,0,0,0
10,snake,1,0.0,0,wall,-0.08188360527749894,-0.7186456964067267,-0.02814789697667841,0.015462274958608413,-0.3176842089183838,0,0,0,0,0
11,frog,0,0,5,success,-1.0,0.7227661597427136,-1.0,-0.5519347066643089,0.8053437969857569,1,5,2,52,1
11,frog,1,0,5,success,-1.0,0.7990335755192156,-1.0,-0.36220867444593463,0.34895119197191105,3,5,4,71,1
11,frog,2,0,5,success,-1.0,0.9594466918392123,-1.0,1.0,-0.592092830084171,1,5,3,401,1
11,frog,3,0,5,success,-1.0,1.0,-1.0,0.8090967902330547,-0.5045902519354348,6,5,1,63,1
11,frog,4,0,5,success,-1.0,0.46482201947388846,-1.0,0.700154363032357,0.40500823512694106,6,5,3,55,1
11,frog,5,0,6,alive,-1.0,0.46734955214037666,-1.0,-0.18850767310220978,-0.3745741480905651,5,5,7,37,0
11,frog,6,0,14,alive,-1.0,1.0,-1.0,0.9504957279365124,-0.009169735500241805,4,5,0,61,0
11,frog,7,0,2,eaten_by_snake,-1.0,-0.24937682918756454,-1.0,0.3722109819857639,0.9078812537655347,3,2,5,0,0
11,frog,8,0,10,eaten_by_snake,-1.0,0.9743314049746375,-1.0,0.985734916755452,-0.7915981268939591,6,5,0,0,0
11,frog,9,0,1,starvation,-1.0,0.403727262015532,-1.0,0.960650083815814,-0.7086951925697913,2,1,7,17,0
11,frog,10,0,1,starvation,-1.0,-0.7020036932022725,-1.0,0.08120909121943537,0.515880678952342,3,1,1,69,0
11,frog,11,0,8,eaten_by_snake,-1.0,0.7441181220818113,-1.0,0.3056038904048008,-0.6917162398693106,4,5,0,24,0
11,frog,12,0,1,starvation,-1.0,-0.402644582295412,-1.0,-0.5147408968683739,0.5161794550284926,2,1,2,0,0
11,frog,13,0,3,starvation,-1.0,-0.14112480179779985,-1.0,-0.2809269825650943,0.5819561053461417,1,3,11,172,0
11,frog,14,0,1,starvation,-1.0,-0.2833362530901048,-1.0,0.2821453098692061,-0.1968969383195487,3,1,2,64,0
11,frog,15,0,5,success,-1.0,0.9787789386889186,-1.0,-0.003240568958095047,0.3197749437093522,1,5,1,0,1
11,frog,16,0,0,eaten_by_snake,-1.0,-0.042135971271281325,-1.0,-0.07433478883875205,-0.8746779727606666,2,0,1,0,0
11,frog,17,0,0,starvation,-1.0,-0.5766670390904346,-1.0,1.0,0.3504215158400499,0,0,1,132,0
11,frog,18,0,0,starvation,-1.0,-0.6530904929276823,-1.0,0.25609268666286783,0.3537536828593024,4,0,2,87,0
11,frog,19,0,12,alive,-1.0,1.0,-1.0,0.05267726271301448,-0.17137560083743297,5,5,3,143,0
11,consensus,wall_gene,1.0,62,negative,0,0,0,0,0,0,0,0,0,0
11,consensus,food_gene,0.875,64,positive,0,0,0,0,0,0,0,0,0,0
11,consensus,snake_gene,1.0,56,negative,0,0,0,0,0,0,0,0,0,0
11,consensus,grass_gene,0.7707182320441989,1448,positive,0,0,0,0,0,0,0,0,0,0
11,consensus,water_gene,0,6,insufficient_data,0,0,0,0,0,0,0,0,0,0
11,snake,0,100.0,0,alive,-0.508774795997325,-0.5230128383002768,0.4523548989316919,0.9150136239775317,0.4163745903101208,0,0,0,0,0
11,snake,1,300.0,0,alive,-0.9018055099420295,0.5734514830619881,-0.7420172652391699,-0.7511035234582424,-0.061720020469460124,0,0,0,0,0
12,frog,0,0,5,success,-1.0,0.9852661597427137,-1.0,-0.39779106025546906,0.8053437969857569,1,5,1,49,1
12,frog,1,0,8,alive,-1.0,1.0,-1.0,-0.20806502803709484,0.34895119197191105,3,5,0,0,0
12,frog,2,0,6,alive,-1.0,1.0,-1.0,1.0,-0.592092830084171,3,5,0,201,0
12,frog,3,0,5,success,-1.0,1.0,-1.0,0.9632404366418945,-0.5045902519354348,2,5,0,69,1
12,frog,4,0,2,starvation,-1.0,0.7273220194738885,-1.0,0.8542980094411968,0.40500823512694106,4,2,0,180,0
12,frog,5,0,5,alive,-1.0,0.7298495521403767,-1.0,-0.03436402669336999,-0.3745741480905651,5,5,0,151,0
12,frog,6,0,6,alive,-1.0,1.0,-1.0,1.0,-0.009169735500241805,6,5,0,87,0
12,frog,7,0,1,eaten_by_snake,-1.0,0.01312317081243547,-1.0,0.5263546283946037,0.9078812537655347,1,1,1,0,0
12,frog,8,0,6,alive,-1.0,1.0,-1.0,1.0,-0.7915981268939591,3,5,0,141,0
12,frog,9,0,14,alive,-1.0,0.6662272620155321,-1.0,1.0,-0.7086951925697913,4,5,0,5,0
12,frog,10,0,1,starvation,-1.0,-0.4395036932022725,-1.0,0.23535273762827516,0.515880678952342,3,1,0,3,0
12,frog,11,0,8,alive,-1.0,1.0,-1.0,0.45974753681364056,-0.6917162398693106,5,5,0,101,0
12,frog,12,0,1,starvation,-1.0,-0.140144582295412,-1.0,-0.36059725045953406,0.5161794550284926,4,1,0,0,0
12,frog,13,0,3,starvation,-1.0,0.12137519820220016,-1.0,-0.1267833361562545,0.5819561053461417,5,3,1,124,0
12,frog,14,0,3,starvation,-1.0,-0.020836253090104784,-1.0,0.43628895627804587,-0.1968969383195487,2,3,0,223,0
12,frog,15,0,5,success,-1.0,1.0,-1.0,0.15090307745074474,0.3197749437093522,4,5,0,106,1
12,frog,16,0,5,alive,-1.0,0.22036402872871869,-1.0,0.07980885757008774,-0.8746779727606666,4,5,1,76,0
12,frog,17,0,2,starvation,-1.0,-0.3141670390904346,-1.0,1.0,0.3504215158400499,2,2,0,54,0
12,frog,18,0,0,starvation,-1.0,-0.3905904929276823,-1.0,0.4102363330717076,0.3537536828593024,1,0,1,133,0
12,frog,19,0,8,alive,-1.0,1.0,-1.0,0.20682090912185427,-0.17137560083743297,4,5,1,0,0
12,consensus,wall_gene,1.0,66,negative,0,0,0,0,0,0,0,0,0,0
12,consensus,food_gene,0.9041095890410958,73,positive,0,0,0,0,0,0,0,0,0,0
12,consensus,snake_gene,0,6,insufficient_data,0,0,0,0,0,0,0,0,0,0
12,consensus,grass_gene,0.8097475044039929,1703,positive,0,0,0,0,0,0,0,0,0,0
12,consensus,water_gene,0,3,insufficient_data,0,0,0,0,0,0,0,0,0,0
12,snake,0,100.0,0,wall,0.7327234370958087,-0.15829139051198338,0.9977025470884056,0.10178241339903238,0.40349350625239855,0,0,0,0,0
12,snake,1,0.0,0,wall,-0.16206267868077884,0.055658019306680684,0.34886939046890153,-0.9088000688002913,-0.9460199587164397,0,0,0,0,0
13,frog,0,0,5,success,-1.0,1.0,-1.0,-0.15486680893427118,0.8053437969857569,2,5,1,0,1
13,frog,1,0,6,success,-1.0,1.0,-1.0,0.03485922328410304,0.34895119197191105,5,5,0,36,1
13,frog,2,0,5,alive,-1.0,1.0,-1.0,1.0,-0.592092830084171,5,5,0,30,0
13,frog,3,0,4,starvation,-1.0,1.0,-1.0,1.0,-0.5045902519354348,3,4,0,69,0
13,frog,4,0,6,success,-1.0,0.9985548961862173,-1.0,1.0,0.40500823512694106,2,5,0,0,1
13,frog,5,0,11,alive,-1.0,1.0,-1.0,0.2085602246278279,-0.3745741480905651,4,5,0,0,0
13,frog,6,0,5,success,-1.0,1.0,-1.0,1.0,-0.009169735500241805,4,5,0,0,1
13,frog,7,0,2,starvation,-1.0,0.28435604752476423,-1.0,0.7692788797158016,0.9078812537655347,2,2,1,100,0
13,frog,8,0,5,alive,-1.0,1.0,-1.0,1.0,-0.7915981268939591,5,5,0,188,0
13,frog,9,0,6,success,-1.0,0.9374601387278608,-1.0,1.0,-0.7086951925697913,3,5,0,65,1
13,frog,10,0,4,starvation,-1.0,-0.16827081648994374,-1.0,0.478276988949473,0.515880678952342,1,4,0,139,0
13,frog,11,0,6,alive,-1.0,1.0,-1.0,0.7026717881348384,-0.6917162398693106,7,5,0,0,0
13,frog,12,0,4,starvation,-1.0,0.13108829441691677,-1.0,-0.11767299913833618,0.5161794550284926,3,4,0,99,0
13,frog,13,0,3,starvation,-1.0,0.3926080749145289,-1.0,0.11614091516494338,0.5819561053461417,3,3,0,38,0
13,frog,14,0,3,starvation,-1.0,0.250396623622224,-1.0,0.6792132075992438,-0.1968969383195487,3,3,1,356,0
13,frog,15,0,8,success,-1.0,1.0,-1.0,0.3938273287719426,0.3197749437093522,1,5,0,52,1
13,frog,16,0,5,success,-1.0,0.49159690544104745,-1.0,0.3227331088912856,-0.8746779727606666,3,5,0,62,1
13,frog,17,0,0,starvation,-1.0,-0.04293416237810582,-1.0,1.0,0.3504215158400499,1,0,0,59,0
13,frog,18,0,3,starvation,-1.0,-0.11935761621535351,-1.0,0.6531605843929055,0.3537536828593024,4,3,0,69,0
13,frog,19,0,5,alive,-1.0,1.0,-1.0,0.4497451604430521,-0.17137560083743297,4,5,0,181,0
13,consensus,wall_gene,1.0,65,negative,0,0,0,0,0,0,0,0,0,0
13,consensus,food_gene,0.9156626506024096,83,positive,0,0,0,0,0,0,0,0,0,0
13,consensus,snake_gene,0,3,insufficient_data,0,0,0,0,0,0,0,0,0,0
13,consensus,grass_gene,0.9358392741412832,1543,positive,0,0,0,0,0,0,0,0,0,0
13,consensus,water_gene,0,7,insufficient_data,0,0,0,0,0,0,0,0,0,0
13,snake,0,0.0,0,wall,0.079136460099404,-0.23211579512847313,-0.36174622561538383,0.29253127914035515,0.12689048831516536,0,0,0,0,0
13,snake,1,0.0,0,wall,0.03570148186342492,0.06445866107433762,-0.3791361972021219,0.5506833438770724,-0.22515530247270688,0,0,0,0,0
14,frog,0,0,5,success,-1.0,1.0,-1.0,0.12588497330811382,0.04725560557611508,2,5,0,124,1
14,frog,1,0,7,alive,-1.0,1.0,-1.0,0.315611005526488,0.9872782009571723,4,5,0,90,0
14,frog,2,0,4,alive,-1.0,1.0,-1.0,1.0,0.6311130120560899,4,4,4,185,0
14,frog,3,0,4,alive,-1.0,1.0,-1.0,1.0,0.9743553543604353,7,4,0,259,0
14,frog,4,0,2,eaten_by_snake,-1.0,1.0,-1.0,1.0,0.48530127960425196,1,2,3,0,0
14,frog,5,0,5,success,-1.0,1.0,-1.0,0.4893120068702129,0.29116253261220826,3,5,0,100,1
14,frog,6,0,3,starvation,-1.0,1.0,-1.0,1.0,0.70960347485188,1,3,14,187,0
14,frog,7,0,7,alive,-1.0,0.5590548427054871,-1.0,1.0,0.25277366082313146,5,5,0,65,0
14,frog,8,0,3,starvation,-1.0,1.0,-1.0,1.0,0.48339432626772294,2,3,0,133,0
14,frog,9,0,10,alive,-1.0,1.0,-1.0,1.0,0.2962432777227624,4,5,3,91,0
14,frog,10,0,4,starvation,-1.0,0.10642797869077913,-1.0,0.759028771191858,-0.2596613005618944,5,4,0,125,0
14,frog,11,0,7,alive,-1.0,1.0,-1.0,0.9834235703772234,-0.4680644668296494,5,5,14,0,0
14,frog,12,0,4,starvation,-1.0,0.40578708959763965,-1.0,0.16307878310404883,0.3739678662474941,4,4,1,120,0
14,frog,13,0,2,starvation,-1.0,0.6673068700952518,-1.0,0.39689269740732835,-0.26150624587021687,3,2,0,64,0
14,frog,14,0,2,eaten_by_snake,-1.0,0.5250954188029469,-1.0,0.9599649898416287,0.6648048028728497,0,2,0,0,0
14,frog,15,0,5,success,-1.0,1.0,-1.0,0.6745791110143275,-0.5876818243644248,2,5,0,61,1
14,frog,16,0,9,eaten_by_snake,-1.0,0.7662957006217703,-1.0,0.6034848911336705,-0.15549131155355167,2,5,0,0,0
14,frog,17,0,4,starvation,-1.0,0.23176463280261705,-1.0,1.0,-0.37422442128662814,4,4,0,249,0
14,frog,18,0,5,success,-1.0,0.15534117896536936,-1.0,0.9339123666352904,-0.8190587040735287,1,5,0,61,1
14,frog,19,0,5,success,-1.0,1.0,-1.0,0.7304969426854371,-0.2500178981481864,2,5,1,190,1
14,consensus,wall_gene,1.0,61,negative,0,0,0,0,0,0,0,0,0,0
14,consensus,food_gene,1.0,82,positive,0,0,0,0,0,0,0,0,0,0
14,consensus,snake_gene,1.0,40,negative,0,0,0,0,0,0,0,0,0,0
14,consensus,grass_gene,1.0,2104,positive,0,0,0,0,0,0,0,0,0,0
14,consensus,water_gene,0,5,insufficient_data,0,0,0,0,0,0,0,0,0,0
14,snake,0,100.0,0,wall,0.44657382201642526,0.7254700188503398,0.034401183255668766,-0.041840316381765996,-0.9269080153325602,0,0,0,0,0
14,snake,1,200.0,0,wall,0.13879653480398568,0.9432436903744565,0.2423616930579624,0.4414925101980205,-0.1960793285022926,0,0,0,0,0
15,frog,0,0,5,success,-1.0,1.0,-1.0,0.42588497330811387,0.04725560557611508,0,5,0,6,1
15,frog,1,0,1,starvation,-1.0,1.0,-1.0,0.6156110055264881,0.9872782009571723,2,1,4,0,0
15,frog,2,0,7,success,-1.0,1.0,-1.0,1.0,0.6311130120560899,1,5,0,0,1
15,frog,3,0,5,success,-1.0,1.0,-1.0,1.0,0.9743553543604353,5,5,9,25,1
15,frog,4,0,5,success,-1.0,1.0,-1.0,1.0,0.48530127960425196,1,5,2,0,1
15,frog,5,0,2,starvation,-1.0,1.0,-1.0,0.789312006870213,0.29116253261220826,2,2,0,187,0
15,frog,6,0,7,success,-1.0,1.0,-1.0,1.0,0.70960347485188,1,5,0,16,1
15,frog,7,0,5,alive,-1.0,0.8590548427054872,-1.0,1.0,0.25277366082313146,3,5,0,224,0
15,frog,8,0,5,success,-1.0,1.0,-1.0,1.0,0.48339432626772294,4,5,0,166,1
15,frog,9,0,6,success,-1.0,1.0,-1.0,1.0,0.2962432777227624,3,5,0,115,1
15,frog,10,0,7,success,-1.0,0.4064279786907792,-1.0,1.0,-0.2596613005618944,1,5,0,53,1
15,frog,11,0,3,starvation,-1.0,1.0,-1.0,1.0,-0.4680644668296494,3,3,2,0,0
15,frog,12,0,1,starvation,-1.0,0.7057870895976397,-1.0,0.4630787831040489,0.3739678662474941,4,1,5,0,0
15,frog,13,0,6,success,-1.0,0.9673068700952518,-1.0,0.6968926974073284,-0.26150624587021687,1,5,0,89,1
15,frog,14,0,5,success,-1.0,0.8250954188029469,-1.0,1.0,0.6648048028728497,2,5,8,77,1
15,frog,15,0,8,success,-1.0,1.0,-1.0,0.9745791110143276,-0.5876818243644248,3,5,3,0,1
15,frog,16,0,6,alive,-1.0,1.0,-1.0,0.9034848911336706,-0.15549131155355167,4,5,0,378,0
15,frog,17,0,2,starvation,-1.0,0.5317646328026171,-1.0,1.0,-0.37422442128662814,2,2,1,244,0
15,frog,18,0,5,eaten_by_snake,-1.0,0.4553411789653694,-1.0,1.0,-0.8190587040735287,1,5,1,60,0
15,frog,19,0,4,starvation,-1.0,1.0,-1.0,1.0,-0.2500178981481864,2,4,0,54,0
15,consensus,wall_gene,1.0,45,negative,0,0,0,0,0,0,0,0,0,0
15,consensus,food_gene,1.0,83,positive,0,0,0,0,0,0,0,0,0,0
15,consensus,snake_gene,1.0,35,negative,0,0,0,0,0,0,0,0,0,0
15,consensus,grass_gene,1.0,1694,positive,0,0,0,0,0,0,0,0,0,0
15,consensus,water_gene,0.7272727272727273,11,positive,0,0,0,0,0,0,0,0,0,0
15,snake,0,100.0,0,wall,-0.2461983237898262,0.1714141018828319,-0.7110108614319071,-0.5721382109406621,0.8678800174778794,0,0,0,0,0
15,snake,1,0.0,0,wall,0.7547047531818116,-0.09123755193861949,0.43825882040571496,-0.4039594250146328,-0.039824695499749874,0,0,0,0,0
16,frog,0,0,5,eaten_by_snake,-1.0,1.0,-1.0,0.7258849733081139,0.13598287830338782,3,5,0,0,0
16,frog,1,0,4,alive,-1.0,1.0,-1.0,0.9156110055264881,1.0,5,4,5,295,0
16,frog,2,0,6,alive,-1.0,1.0,-1.0,1.0,0.7198402847833627,4,5,2,60,0
16,frog,3,0,9,success,-1.0,1.0,-1.0,1.0,1.0,1,5,1,29,1
16,frog,4,0,5,success,-1.0,1.0,-1.0,1.0,0.5740285523315247,4,5,3,0,1
16,frog,5,0,7,success,-1.0,1.0,-1.0,1.0,0.379889805339481,1,5,1,75,1
16,frog,6,0,2,starvation,-1.0,1.0,-1.0,1.0,0.7983307475791528,3,2,1,89,0
16,frog,7,0,7,success,-1.0,1.0,-1.0,1.0,0.34150093355040423,1,5,0,0,1
16,frog,8,0,4,starvation,-1.0,1.0,-1.0,1.0,0.5721215989949957,1,4,19,112,0
16,frog,9,0,5,eaten_by_snake,-1.0,1.0,-1.0,1.0,0.38497055045003514,2,5,0,87,0
16,frog,10,0,4,starvation,-1.0,0.7064279786907792,-1.0,1.0,-0.17093402783462167,4,4,3,267,0
16,frog,11,0,4,starvation,-1.0,1.0,-1.0,1.0,-0.37933719410237665,3,4,1,109,0
16,frog,12,0,5,success,-1.0,1.0,-1.0,0.7630787831040489,0.4626951389747669,2,5,9,73,1
16,frog,13,0,2,eaten_by_snake,-1.0,1.0,-1.0,0.9968926974073284,-0.17277897314294413,2,2,0,0,0
16,frog,14,0,2,eaten_by_snake,-1.0,1.0,-1.0,1.0,0.7535320756001225,2,2,0,0,0
16,frog,15,0,5,alive,-1.0,1.0,-1.0,1.0,-0.4989545516371521,7,5,7,129,0
16,frog,16,0,5,success,-1.0,1.0,-1.0,1.0,-0.06676403882627893,3,5,6,0,1
16,frog,17,0,4,starvation,-1.0,0.8317646328026171,-1.0,1.0,-0.2854971485593554,3,4,9,109,0
16,frog,18,0,4,alive,-1.0,0.7553411789653695,-1.0,1.0,-0.7303314313462559,3,4,4,437,0
16,frog,19,0,9,alive,-1.0,1.0,-1.0,1.0,-0.16129062542091369,7,5,7,0,0
16,consensus,wall_gene,1.0,61,negative,0,0,0,0,0,0,0,0,0,0
16,consensus,food_gene,1.0,85,positive,0,0,0,0,0,0,0,0,0,0
16,consensus,snake_gene,1.0,78,negative,0,0,0,0,0,0,0,0,0,0
16,consensus,grass_gene,1.0,1871,positive,0,0,0,0,0,0,0,0,0,0
16,consensus,water_gene,0,6,insufficient_data,0,0,0,0,0,0,0,0,0,0
16,snake,0,200.0,0,alive,-0.8992990746454499,-0.40562558311268315,-0.8453092174256502,-0.5726635589272802,-0.6879807232000177,0,0,0,0,0
16,snake,1,200.0,0,wall,0.9364946303614037,0.8655404553788422,-0.49010498555947657,-0.7163529401444595,-0.27579827124322165,0,0,0,0,0
17,frog,0,0,6,success,-1.0,1.0,-1.0,1.0,0.13598287830338782,4,5,5,187,1
17,frog,1,0,4,starvation,-1.0,1.0,-1.0,1.0,1.0,4,4,12,225,0
17,frog,2,0,4,starvation,-1.0,1.0,-1.0,1.0,0.7198402847833627,5,4,0,195,0
17,frog,3,0,7,alive,-1.0,1.0,-1.0,1.0,1.0,5,5,0,0,0
17,frog,4,0,0,starvation,-1.0,1.0,-1.0,1.0,0.5740285523315247,3,0,1,0,0
17,frog,5,0,9,alive,-1.0,1.0,-1.0,1.0,0.379889805339481,5,5,0,0,0
17,frog,6,0,5,alive,-1.0,1.0,-1.0,1.0,0.7983307475791528,7,5,9,0,0
17,frog,7,0,8,alive,-1.0,1.0,-1.0,1.0,0.34150093355040423,5,5,0,36,0
17,frog,8,0,5,success,-1.0,1.0,-1.0,1.0,0.5721215989949957,1,5,8,85,1
17,frog,9,0,7,alive,-1.0,1.0,-1.0,1.0,0.38497055045003514,3,5,0,18,0
17,frog,10,0,2,starvation,-1.0,1.0,-1.0,1.0,-0.17093402783462167,1,2,0,141,0
17,frog,11,0,7,alive,-1.0,1.0,-1.0,1.0,-0.37933719410237665,4,5,0,54,0
17,frog,12,0,5,alive,-1.0,1.0,-1.0,1.0,0.4626951389747669,6,5,3,0,0
17,frog,13,0,3,starvation,-1.0,1.0,-1.0,1.0,-0.17277897314294413,4,3,3,63,0
17,frog,14,0,7,alive,-1.0,1.0,-1.0,1.0,0.7535320756001225,5,5,1,114,0
17,frog,15,0,3,starvation,-1.0,1.0,-1.0,1.0,-0.4989545516371521,4,3,11,62,0
17,frog,16,0,5,eaten_by_snake,-1.0,1.0,-1.0,1.0,-0.06676403882627893,1,5,2,70,0
17,frog,17,0,2,starvation,-1.0,1.0,-1.0,1.0,-0.2854971485593554,5,2,10,139,0
17,frog,18,0,5,alive,-1.0,1.0,-1.0,1.0,-0.7303314313462559,4,5,0,119,0
17,frog,19,0,6,success,-1.0,1.0,-1.0,1.0,-0.16129062542091369,1,5,0,60,1
17,consensus,wall_gene,1.0,77,negative,0,0,0,0,0,0,0,0,0,0
17,consensus,food_gene,1.0,83,positive,0,0,0,0,0,0,0,0,0,0
17,consensus,snake_gene,1.0,65,negative,0,0,0,0,0,0,0,0,0,0
17,consensus,grass_gene,1.0,1568,positive,0,0,0,0,0,0,0,0,0,0
17,consensus,water_gene,0,3,insufficient_data,0,0,0,0,0,0,0,0,0,0
17,snake,0,0.0,0,wall,0.4471649413593246,-0.21414981010212397,0.384434754457174,0.4632923301187388,-0.6057268082866929,0,0,0,0,0
17,snake,1,100.0,0,wall,0.6623121587516354,-0.29893871972229813,-0.4618851017693173,-0.6681018213991405,0.14371739132784134,0,0,0,0,0
18,frog,0,0,3,starvation,-1.0,1.0,-1.0,1.0,0.13598287830338782,3,3,0,215,0
18,frog,1,0,5,success,-1.0,1.0,-1.0,1.0,1.0,2,5,0,53,1
18,frog,2,0,8,alive,-1.0,1.0,-1.0,1.0,0.7198402847833627,4,5,0,54,0
18,frog,3,0,4,starvation,-1.0,1.0,-1.0,1.0,1.0,5,4,6,166,0
18,frog,4,0,5,alive,-1.0,1.0,-1.0,1.0,0.5740285523315247,4,5,6,308,0
18,frog,5,0,5,success,-1.0,1.0,-1.0,1.0,0.379889805339481,3,5,6,265,1
18,frog,6,0,5,success,-1.0,1.0,-1.0,1.0,0.7983307475791528,3,5,0,242,1
18,frog,7,0,5,success,-1.0,1.0,-1.0,1.0,0.34150093355040423,3,5,0,60,1
18,frog,8,0,4,starvation,-1.0,1.0,-1.0,1.0,0.5721215989949957,0,4,7,148,0
18,frog,9,0,7,success,-1.0,1.0,-1.0,1.0,0.38497055045003514,0,5,0,113,1
18,frog,10,0,3,eaten_by_snake,-1.0,1.0,-1.0,1.0,-0.17093402783462167,1,3,0,0,0
18,frog,11,0,5,success,-1.0,1.0,-1.0,1.0,-0.37933719410237665,2,5,0,36,1
18,frog,12,0,5,success,-1.0,1.0,-1.0,1.0,0.4626951389747669,2,5,0,53,1
18,frog,13,0,1,starvation,-1.0,1.0,-1.0,1.0,-0.17277897314294413,2,1,12,118,0
18,frog,14,0,6,success,-1.0,1.0,-1.0,1.0,0.7535320756001225,0,5,0,0,1
18,frog,15,0,5,success,-1.0,1.0,-1.0,1.0,-0.4989545516371521,1,5,1,134,1
18,frog,16,0,6,success,-1.0,1.0,-1.0,1.0,-0.06676403882627893,1,5,0,53,1
18,frog,17,0,3,starvation,-1.0,1.0,-1.0,1.0,-0.2854971485593554,2,3,13,183,0
18,frog,18,0,6,eaten_by_snake,-1.0,1.0,-1.0,1.0,-0.7303314313462559,2,5,0,47,0
18,frog,19,0,4,starvation,-1.0,1.0,-1.0,1.0,-0.16129062542091369,4,4,3,214,0
18,consensus,wall_gene,1.0,44,negative,0,0,0,0,0,0,0,0,0,0
18,consensus,food_gene,1.0,87,positive,0,0,0,0,0,0,0,0,0,0
18,consensus,snake_gene,1.0,54,negative,0,0,0,0,0,0,0,0,0,0
18,consensus,grass_gene,1.0,2462,positive,0,0,0,0,0,0,0,0,0,0
18,consensus,water_gene,0.7,10,positive,0,0,0,0,0,0,0,0,0,0
18,snake,0,0.0,0,wall,0.1777504246708448,0.6514052555207863,0.536404974672593,-0.16655785305720872,-0.3600617701847324,0,0,0,0,0
18,snake,1,200.0,0,alive,-0.47596960272833444,-0.04497110798461601,0.43841965054044363,0.955524163735147,0.07639833741535718,0,0,0,0,0
19,frog,0,0,4,starvation,-1.0,1.0,-1.0,1.0,0.2199828783033878,3,4,2,154,0
19,frog,1,0,6,success,-1.0,1.0,-1.0,1.0,1.0,2,5,2,48,1
19,frog,2,0,5,success,-1.0,1.0,-1.0,1.0,0.8038402847833627,2,5,0,0,1
19,frog,3,0,6,success,-1.0,1.0,-1.0,1.0,1.0,3,5,1,0,1
19,frog,4,0,7,alive,-1.0,1.0,-1.0,1.0,0.6580285523315247,6,5,0,23,0
19,frog,5,0,5,success,-1.0,1.0,-1.0,1.0,0.463889805339481,1,5,0,0,1
19,frog,6,0,5,success,-1.0,1.0,-1.0,1.0,0.8823307475791528,3,5,3,242,1
19,frog,7,0,1,eaten_by_snake,-1.0,1.0,-1.0,1.0,0.4255009335504042,0,1,0,60,0
19,frog,8,0,3,starvation,-1.0,1.0,-1.0,1.0,0.6561215989949957,3,3,4,105,0
19,frog,9,0,6,success,-1.0,1.0,-1.0,1.0,0.4689705504500351,2,5,1,0,1
19,frog,10,0,6,eaten_by_snake,-1.0,1.0,-1.0,1.0,-0.08693402783462167,1,5,1,82,0
19,frog,11,0,6,alive,-1.0,1.0,-1.0,1.0,-0.2953371941023767,5,5,0,40,0
19,frog,12,0,10,eaten_by_snake,-1.0,1.0,-1.0,1.0,0.5466951389747668,3,5,0,0,0
19,frog,13,0,1,eaten_by_snake,-1.0,1.0,-1.0,1.0,-0.08877897314294414,0,1,0,134,0
19,frog,14,0,4,starvation,-1.0,1.0,-1.0,1.0,0.8375320756001224,3,4,6,242,0
19,frog,15,0,3,starvation,-1.0,1.0,-1.0,1.0,-0.4149545516371521,3,3,5,212,0
19,frog,16,0,6,success,-1.0,1.0,-1.0,1.0,0.01723596117372106,2,5,1,65,1
19,frog,17,0,3,alive,-1.0,1.0,-1.0,1.0,-0.20149714855935538,6,3,15,138,0
19,frog,18,0,7,eaten_by_snake,-1.0,1.0,-1.0,1.0,-0.6463314313462559,4,5,1,99,0
19,frog,19,0,2,starvation,-1.0,1.0,-1.0,1.0,-0.0772906254209137,4,2,3,160,0
19,consensus,wall_gene,1.0,56,negative,0,0,0,0,0,0,0,0,0,0
19,consensus,food_gene,1.0,81,positive,0,0,0,0,0,0,0,0,0,0
19,consensus,snake_gene,1.0,45,negative,0,0,0,0,0,0,0,0,0,0
19,consensus,grass_gene,1.0,1804,positive,0,0,0,0,0,0,0,0,0,0
19,consensus,water_gene,0,7,insufficient_data,0,0,0,0,0,0,0,0,0,0
19,snake,0,500.0,0,alive,-0.9124739345546637,0.8100543145853505,-0.45364950651120717,0.6531606798406873,0.38967692953504085,0,0,0,0,0
19,snake,1,0.0,0,wall,0.9395186486356346,-0.09627326664082081,0.9060530618250704,0.41741002791652937,0.011521085639257578,0,0,0,0,0
20,frog,0,0,7,success,-1.0,1.0,-1.0,1.0,0.2199828783033878,0,5,0,0,1
20,frog,1,0,5,success,-1.0,1.0,-1.0,1.0,1.0,3,5,0,70,1
20,frog,2,0,6,success,-1.0,1.0,-1.0,1.0,0.8038402847833627,0,5,0,106,1
20,frog,3,0,6,success,-1.0,1.0,-1.0,1.0,1.0,3,5,0,180,1
20,frog,4,0,3,alive,-1.0,1.0,-1.0,1.0,0.6580285523315247,6,3,2,266,0
20,frog,5,0,3,starvation,-1.0,1.0,-1.0,1.0,0.463889805339481,3,3,7,81,0
20,frog,6,0,5,success,-1.0,1.0,-1.0,1.0,0.8823307475791528,0,5,0,35,1
20,frog,7,0,5,success,-1.0,1.0,-1.0,1.0,0.4255009335504042,1,5,1,0,1
20,frog,8,0,3,starvation,-1.0,1.0,-1.0,1.0,0.6561215989949957,3,3,20,393,0
20,frog,9,0,4,alive,-1.0,1.0,-1.0,1.0,0.4689705504500351,4,4,2,291,0
20,frog,10,0,7,success,-1.0,1.0,-1.0,1.0,-0.08693402783462167,1,5,0,0,1
20,frog,11,0,0,eaten_by_snake,-1.0,1.0,-1.0,1.0,-0.2953371941023767,0,0,0,0,0
20,frog,12,0,5,success,-1.0,1.0,-1.0,1.0,0.5466951389747668,3,5,0,67,1
20,frog,13,0,2,starvation,-1.0,1.0,-1.0,1.0,-0.08877897314294414,1,2,8,77,0
20,frog,14,0,5,success,-1.0,1.0,-1.0,1.0,0.8375320756001224,5,5,6,121,1
20,frog,15,0,7,alive,-1.0,1.0,-1.0,1.0,-0.4149545516371521,3,5,0,71,0
20,frog,16,0,5,success,-1.0,1.0,-1.0,1.0,0.01723596117372106,0,5,1,89,1
20,frog,17,0,7,alive,-1.0,1.0,-1.0,1.0,-0.20149714855935538,4,5,0,61,0
20,frog,18,0,6,success,-1.0,1.0,-1.0,1.0,-0.6463314313462559,5,5,1,49,1
20,frog,19,0,7,alive,-1.0,1.0,-1.0,1.0,-0.0772906254209137,5,5,0,32,0
20,consensus,wall_gene,1.0,50,negative,0,0,0,0,0,0,0,0,0,0
20,consensus,food_gene,1.0,85,positive,0,0,0,0,0,0,0,0,0,0
20,consensus,snake_gene,1.0,48,negative,0,0,0,0,0,0,0,0,0,0
20,consensus,grass_gene,1.0,1989,positive,0,0,0,0,0,0,0,0,0,0
20,consensus,water_gene,0.8181818181818182,11,positive,0,0,0,0,0,0,0,0,0,0
20,snake,0,0.0,0,wall,0.02427514700954103,0.4571938621339171,0.30013035893534257,0.7354395391092903,0.11800400922080767,0,0,0,0,0
20,snake,1,100.0,0,alive,-0.9024287539680038,-0.5456691990809335,0.856825031721461,0.8523963780369708,0.4793515339435599,0,0,0,0,0
21,frog,0,0,6,success,-1.0,1.0,-1.0,1.0,0.3697101510306605,2,5,1,56,1
21,frog,1,0,5,success,-1.0,1.0,-1.0,1.0,1.0,2,5,0,37,1
21,frog,2,0,0,eaten_by_snake,-1.0,1.0,-1.0,1.0,0.9535675575106354,0,0,0,0,0
21,frog,3,0,5,eaten_by_snake,-1.0,1.0,-1.0,1.0,1.0,1,5,0,15,0
21,frog,4,0,4,starvation,-1.0,1.0,-1.0,1.0,0.8077558250587974,2,4,24,235,0
21,frog,5,0,4,starvation,-1.0,1.0,-1.0,1.0,0.6136170780667537,4,4,1,128,0
21,frog,6,0,3,starvation,-1.0,1.0,-1.0,1.0,1.0,5,3,28,165,0
21,frog,7,0,5,success,-1.0,1.0,-1.0,1.0,0.5752282062776769,2,5,1,0,1
21,frog,8,0,2,eaten_by_snake,-1.0,1.0,-1.0,1.0,0.8058488717222684,3,2,9,238,0
21,frog,9,0,5,success,-1.0,1.0,-1.0,1.0,0.6186978231773078,0,5,0,94,1
21,frog,10,0,5,success,-1.0,1.0,-1.0,1.0,0.06279324489265106,4,5,10,249,1
21,frog,11,0,9,success,-1.0,1.0,-1.0,1.0,-0.14560992137510395,1,5,1,0,1
21,frog,12,0,5,eaten_by_snake,-1.0,1.0,-1.0,1.0,0.6964224117020396,2,5,4,283,0
21,frog,13,0,5,eaten_by_snake,-1.0,1.0,-1.0,1.0,0.0609482995843286,1,5,0,60,0
21,frog,14,0,8,success,-1.0,1.0,-1.0,1.0,0.9872593483273951,1,5,0,0,1
21,frog,15,0,5,alive,-1.0,1.0,-1.0,1.0,-0.2652272789098794,5,5,3,34,0
21,frog,16,0,6,eaten_by_snake,-1.0,1.0,-1.0,1.0,0.1669632339009938,3,5,0,63,0
21,frog,17,0,5,alive,-1.0,1.0,-1.0,1.0,-0.051769875832082646,5,5,4,115,0
21,frog,18,0,5,eaten_by_snake,-1.0,1.0,-1.0,1.0,-0.4966041586189832,2,5,17,247,0
21,frog,19,0,5,success,-1.0,1.0,-1.0,1.0,0.07243664730635904,4,5,3,109,1
21,consensus,wall_gene,1.0,49,negative,0,0,0,0,0,0,0,0,0,0
21,consensus,food_gene,1.0,88,positive,0,0,0,0,0,0,0,0,0,0
21,consensus,snake_gene,1.0,106,negative,0,0,0,0,0,0,0,0,0,0
21,consensus,grass_gene,1.0,2128,positive,0,0,0,0,0,0,0,0,0,0
21,consensus,water_gene,0.875,8,positive,0,0,0,0,0,0,0,0,0,0
21,snake,0,300.0,0,alive,-0.3579015515511281,0.596759022204302,-0.5886098870239114,0.6015575685289145,-0.44351958802474156,0,0,0,0,0
21,snake,1,400.0,0,alive,-0.4656788249529702,0.41604073778249484,-0.23972103212168605,-0.3950541083552892,0.46403791362654,0,0,0,0,0
22,frog,0,0,4,starvation,-1.0,1.0,-1.0,1.0,0.5219601510306605,3,4,6,174,0
22,frog,1,0,7,success,-1.0,1.0,-1.0,1.0,1.0,0,5,0,0,1
22,frog,2,0,4,starvation,-1.0,1.0,-1.0,1.0,1.0,3,4,4,269,0
22,frog,3,0,6,success,-1.0,1.0,-1.0,1.0,1.0,1,5,1,92,1
22,frog,4,0,5,success,-1.0,1.0,-1.0,1.0,0.9600058250587974,1,5,1,0,1
22,frog,5,0,4,starvation,-1.0,1.0,-1.0,1.0,0.7658670780667537,4,4,1,60,0
22,frog,6,0,4,starvation,-1.0,1.0,-1.0,1.0,1.0,1,4,1,193,0
22,frog,7,0,6,success,-1.0,1.0,-1.0,1.0,0.7274782062776769,0,5,0,0,1
22,frog,8,0,4,starvation,-1.0,1.0,-1.0,1.0,0.9580988717222684,2,4,9,311,0
22,frog,9,0,5,success,-1.0,1.0,-1.0,1.0,0.7709478231773078,2,5,0,0,1
22,frog,10,0,5,eaten_by_snake,-1.0,1.0,-1.0,1.0,0.21504324489265106,3,5,14,138,0
22,frog,11,0,5,success,-1.0,1.0,-1.0,1.0,0.006640078624896045,2,5,4,59,1
22,frog,12,0,6,success,-1.0,1.0,-1.0,1.0,0.8486724117020396,2,5,3,199,1
22,frog,13,0,5,eaten_by_snake,-1.0,1.0,-1.0,1.0,0.2131982995843286,1,5,10,137,0
22,frog,14,0,5,success,-1.0,1.0,-1.0,1.0,1.0,4,5,0,88,1
22,frog,15,0,4,starvation,-1.0,1.0,-1.0,1.0,-0.11297727890987941,2,4,5,217,0
22,frog,16,0,3,starvation,-1.0,1.0,-1.0,1.0,0.31921323390099376,2,3,3,85,0
22,frog,17,0,3,eaten_by_snake,-1.0,1.0,-1.0,1.0,0.10048012416791735,1,3,0,61,0
22,frog,18,0,7,alive,-1.0,1.0,-1.0,1.0,-0.3443541586189832,4,5,0,261,0
22,frog,19,0,5,eaten_by_snake,-1.0,1.0,-1.0,1.0,0.22468664730635904,4,5,0,60,0
22,consensus,wall_gene,1.0,42,negative,0,0,0,0,0,0,0,0,0,0
22,consensus,food_gene,1.0,90,positive,0,0,0,0,0,0,0,0,0,0
22,consensus,snake_gene,1.0,62,negative,0,0,0,0,0,0,0,0,0,0
22,consensus,grass_gene,1.0,2404,positive,0,0,0,0,0,0,0,0,0,0
22,consensus,water_gene,1.0,8,positive,0,0,0,0,0,0,0,0,0,0
22,snake,0,0.0,0,alive,-0.6798753093529888,-0.43931614406881847,-0.2385853585768496,-0.5541180445656262,0.7142601291463055,0,0,0,0,0
22,snake,1,400.0,0,alive,-0.9340916117860116,-0.2882713032645594,-0.7416964398155885,0.46106892524257237,-0.6505887319656407,0,0,0,0,0
23,frog,0,0,5,success,-1.0,1.0,-1.0,1.0,0.6959601510306606,0,5,0,0,1
23,frog,1,0,8,alive,-1.0,1.0,-1.0,1.0,1.0,5,5,0,130,0
23,frog,2,0,4,starvation,-1.0,1.0,-1.0,1.0,1.0,3,4,0,84,0
23,frog,3,0,6,success,-1.0,1.0,-1.0,1.0,1.0,1,5,0,35,1
23,frog,4,0,6,success,-1.0,1.0,-1.0,1.0,1.0,1,5,0,127,1
23,frog,5,0,6,success,-1.0,1.0,-1.0,1.0,0.9398670780667537,2,5,0,0,1
23,frog,6,0,3,alive,-1.0,1.0,-1.0,1.0,1.0,5,3,0,112,0
23,frog,7,0,5,alive,-1.0,1.0,-1.0,1.0,0.9014782062776769,4,5,1,0,0
23,frog,8,0,5,success,-1.0,1.0,-1.0,1.0,1.0,4,5,12,230,1
23,frog,9,0,3,eaten_by_snake,-1.0,1.0,-1.0,1.0,0.9449478231773079,0,3,0,45,0
23,frog,10,0,4,starvation,-1.0,1.0,-1.0,1.0,0.3890432448926511,4,4,2,126,0
23,frog,11,0,5,success,-1.0,1.0,-1.0,1.0,0.18064007862489606,2,5,1,0,1
23,frog,12,0,5,success,-1.0,1.0,-1.0,1.0,1.0,5,5,1,309,1
23,frog,13,0,5,success,-1.0,1.0,-1.0,1.0,0.3871982995843286,4,5,2,0,1
23,frog,14,0,3,starvation,-1.0,1.0,-1.0,1.0,1.0,4,3,1,394,0
23,frog,15,0,7,alive,-1.0,1.0,-1.0,1.0,0.06102272109012061,5,5,0,51,0
23,frog,16,0,5,alive,-1.0,1.0,-1.0,1.0,0.4932132339009938,4,5,0,81,0
23,frog,17,0,3,starvation,-1.0,1.0,-1.0,1.0,0.27448012416791734,3,3,5,127,0
23,frog,18,0,2,eaten_by_snake,-1.0,1.0,-1.0,1.0,-0.1703541586189832,2,2,0,0,0
23,frog,19,0,7,alive,-1.0,1.0,-1.0,1.0,0.39868664730635905,5,5,1,30,0
23,consensus,wall_gene,1.0,63,negative,0,0,0,0,0,0,0,0,0,0
23,consensus,food_gene,1.0,87,positive,0,0,0,0,0,0,0,0,0,0
23,consensus,snake_gene,1.0,26,negative,0,0,0,0,0,0,0,0,0,0
23,consensus,grass_gene,1.0,1881,positive,0,0,0,0,0,0,0,0,0,0
23,consensus,water_gene,1.0,8,positive,0,0,0,0,0,0,0,0,0,0
23,snake,0,200.0,0,wall,0.08119354155712433,-0.5803438421598524,0.010818127291675639,-0.21651978956467977,0.9872663650553415,0,0,0,0,0
23,snake,1,0.0,0,wall,0.5734738682840279,0.8113886254949179,-0.48900825532519665,-0.12075691404217181,-0.04255551953837178,0,0,0,0,0
24,frog,0,0,7,alive,-1.0,1.0,-1.0,1.0,0.8699601510306606,7,5,0,60,0
24,frog,1,0,7,alive,-1.0,1.0,-1.0,1.0,1.0,5,5,0,18,0
24,frog,2,0,5,alive,-1.0,1.0,-1.0,1.0,1.0,4,5,0,197,0
24,frog,3,0,5,success,-1.0,1.0,-1.0,1.0,1.0,3,5,0,154,1
24,frog,4,0,5,alive,-1.0,1.0,-1.0,1.0,1.0,4,5,0,268,0
24,frog,5,0,7,alive,-1.0,1.0,-1.0,1.0,1.0,5,5,0,0,0
24,frog,6,0,4,starvation,-1.0,1.0,-1.0,1.0,1.0,5,4,4,240,0
24,frog,7,0,2,eaten_by_snake,-1.0,1.0,-1.0,1.0,1.0,1,2,0,123,0
24,frog,8,0,5,eaten_by_snake,-1.0,1.0,-1.0,1.0,1.0,2,5,0,0,0
24,frog,9,0,5,success,-1.0,1.0,-1.0,1.0,1.0,2,5,1,208,1
24,frog,10,0,5,alive,-1.0,1.0,-1.0,1.0,0.5630432448926511,4,5,0,310,0
24,frog,11,0,9,alive,-1.0,1.0,-1.0,1.0,0.3546400786248961,3,5,3,11,0
24,frog,12,0,1,starvation,-1.0,1.0,-1.0,1.0,1.0,2,1,10,122,0
24,frog,13,0,5,success,-1.0,1.0,-1.0,1.0,0.5611982995843287,4,5,0,40,1
24,frog,14,0,6,alive,-1.0,1.0,-1.0,1.0,1.0,4,5,1,64,0
24,frog,15,0,7,alive,-1.0,1.0,-1.0,1.0,0.23502272109012062,5,5,0,83,0
24,frog,16,0,0,eaten_by_snake,-1.0,1.0,-1.0,1.0,0.6672132339009939,0,0,0,0,0
24,frog,17,0,5,success,-1.0,1.0,-1.0,1.0,0.4484801241679174,1,5,0,0,1
24,frog,18,0,5,success,-1.0,1.0,-1.0,1.0,0.003645841381016812,0,5,2,57,1
24,frog,19,0,1,eaten_by_snake,-1.0,1.0,-1.0,1.0,0.5726866473063591,0,1,1,23,0
24,consensus,wall_gene,1.0,61,negative,0,0,0,0,0,0,0,0,0,0
24,consensus,food_gene,1.0,83,positive,0,0,0,0,0,0,0,0,0,0
24,consensus,snake_gene,1.0,22,negative,0,0,0,0,0,0,0,0,0,0
24,consensus,grass_gene,1.0,1978,positive,0,0,0,0,0,0,0,0,0,0
24,consensus,water_gene,0,5,insufficient_data,0,0,0,0,0,0,0,0,0,0
24,snake,0,200.0,0,alive,-0.7553302328438312,-0.30699063270799165,0.50987843718034,-0.7124974763862095,-0.2337542821694898,0,0,0,0,0
24,snake,1,200.0,0,wall,0.31597172662598627,0.2041089687436468,0.7659555481320364,-0.21007049732823413,0.6265265618536506,0,0,0,0,0
25,frog,0,0,7,alive,-1.0,1.0,-1.0,1.0,0.8699601510306606,4,5,0,12,0
25,frog,1,0,6,success,-1.0,1.0,-1.0,1.0,1.0,2,5,0,0,1
25,frog,2,0,5,success,-1.0,1.0,-1.0,1.0,1.0,2,5,1,91,1
25,frog,3,0,4,starvation,-1.0,1.0,-1.0,1.0,1.0,5,4,0,183,0
25,frog,4,0,5,success,-1.0,1.0,-1.0,1.0,1.0,5,5,0,61,1
25,frog,5,0,3,starvation,-1.0,1.0,-1.0,1.0,1.0,4,3,0,255,0
25,frog,6,0,3,starvation,-1.0,1.0,-1.0,1.0,1.0,2,3,1,192,0
25,frog,7,0,4,starvation,-1.0,1.0,-1.0,1.0,1.0,2,4,7,61,0
25,frog,8,0,5,success,-1.0,1.0,-1.0,1.0,1.0,2,5,1,122,1
25,frog,9,0,4,starvation,-1.0,1.0,-1.0,1.0,1.0,3,4,1,369,0
25,frog,10,0,7,success,-1.0,1.0,-1.0,1.0,0.5630432448926511,1,5,0,0,1
25,frog,11,0,5,success,-1.0,1.0,-1.0,1.0,0.3546400786248961,1,5,1,48,1
25,frog,12,0,6,success,-1.0,1.0,-1.0,1.0,1.0,2,5,1,48,1
25,frog,13,0,5,success,-1.0,1.0,-1.0,1.0,0.5611982995843287,2,5,0,102,1
25,frog,14,0,6,success,-1.0,1.0,-1.0,1.0,1.0,3,5,0,59,1
25,frog,15,0,2,starvation,-1.0,1.0,-1.0,1.0,0.23502272109012062,5,2,0,108,0
25,frog,16,0,4,starvation,-1.0,1.0,-1.0,1.0,0.6672132339009939,2,4,5,191,0
25,frog,17,0,3,starvation,-1.0,1.0,-1.0,1.0,0.4484801241679174,2,3,0,338,0
25,frog,18,0,6,success,-1.0,1.0,-1.0,1.0,0.003645841381016812,2,5,0,0,1
25,frog,19,0,5,success,-1.0,1.0,-1.0,1.0,0.5726866473063591,1,5,1,51,1
25,consensus,wall_gene,1.0,52,negative,0,0,0,0,0,0,0,0,0,0
25,consensus,food_gene,1.0,87,positive,0,0,0,0,0,0,0,0,0,0
25,consensus,snake_gene,1.0,19,negative,0,0,0,0,0,0,0,0,0,0
25,consensus,grass_gene,1.0,2291,positive,0,0,0,0,0,0,0,0,0,0
25,consensus,water_gene,1.0,11,positive,0,0,0,0,0,0,0,0,0,0
25,snake,0,0.0,0,wall,0.6044273514471745,-0.34732226805786137,0.29838706179170904,0.6263376009953936,0.10676442724820645,0,0,0,0,0
25,snake,1,0.0,0,wall,0.5098927126546311,-0.9623709783274501,-0.008590536477232513,0.15403662455302003,-0.6499183829795763,0,0,0,0,0
26,frog,0,0,5,success,-1.0,1.0,-1.0,1.0,1.0,2,5,0,254,1
26,frog,1,0,5,eaten_by_snake,-1.0,1.0,-1.0,1.0,1.0,1,5,1,38,0
26,frog,2,0,6,eaten_by_snake,-1.0,1.0,-1.0,1.0,1.0,5,5,0,253,0
26,frog,3,0,6,alive,-1.0,1.0,-1.0,1.0,1.0,3,5,2,168,0
26,frog,4,0,2,starvation,-1.0,1.0,-1.0,1.0,1.0,4,2,15,109,0
26,frog,5,0,2,eaten_by_snake,-1.0,1.0,-1.0,1.0,1.0,0,2,0,0,0
26,frog,6,0,5,success,-1.0,1.0,-1.0,1.0,1.0,2,5,16,85,1
26,frog,7,0,5,success,-1.0,1.0,-1.0,1.0,1.0,1,5,0,0,1
26,frog,8,0,6,alive,-1.0,1.0,-1.0,1.0,1.0,3,5,0,116,0
26,frog,9,0,4,starvation,-1.0,1.0,-1.0,1.0,1.0,5,4,4,365,0
26,frog,10,0,5,success,-1.0,1.0,-1.0,1.0,0.7460432448926512,1,5,6,197,1
26,frog,11,0,8,alive,-1.0,1.0,-1.0,1.0,0.5376400786248962,4,5,0,63,0
26,frog,12,0,6,success,-1.0,1.0,-1.0,1.0,1.0,0,5,0,30,1
26,frog,13,0,0,eaten_by_snake,-1.0,1.0,-1.0,1.0,0.7441982995843287,0,0,1,39,0
26,frog,14,0,5,eaten_by_snake,-1.0,1.0,-1.0,1.0,1.0,2,5,2,155,0
26,frog,15,0,2,starvation,-1.0,1.0,-1.0,1.0,0.4180227210901206,5,2,21,160,0
26,frog,16,0,10,eaten_by_snake,-1.0,1.0,-1.0,1.0,0.8502132339009939,2,5,4,0,0
26,frog,17,0,6,eaten_by_snake,-1.0,1.0,-1.0,1.0,0.6314801241679174,1,5,0,70,0
26,frog,18,0,4,eaten_by_snake,-1.0,1.0,-1.0,1.0,0.18664584138101684,1,4,9,202,0
26,frog,19,0,5,success,-1.0,1.0,-1.0,1.0,0.7556866473063591,3,5,0,120,1
26,consensus,wall_gene,1.0,45,negative,0,0,0,0,0,0,0,0,0,0
26,consensus,food_gene,1.0,84,positive,0,0,0,0,0,0,0,0,0,0
26,consensus,snake_gene,1.0,81,negative,0,0,0,0,0,0,0,0,0,0
26,consensus,grass_gene,1.0,2424,positive,0,0,0,0,0,0,0,0,0,0
26,consensus,water_gene,0,6,insufficient_data,0,0,0,0,0,0,0,0,0,0
26,snake,0,100.0,0,wall,-0.145843748962055,-0.5155084364139964,0.41550734852915805,-0.9854649958432231,0.728647018464537,0,0,0,0,0
26,snake,1,700.0,0,alive,-0.99202570190089,0.5321908380645453,-0.8717449574001999,0.9833850528635193,-0.10421151189955835,0,0,0,0,0
27,frog,0,0,6,success,-1.0,1.0,-1.0,1.0,1.0,2,5,0,215,1
27,frog,1,0,5,success,-1.0,1.0,-1.0,1.0,1.0,0,5,0,87,1
27,frog,2,0,5,alive,-1.0,1.0,-1.0,1.0,1.0,3,5,6,273,0
27,frog,3,0,5,success,-1.0,1.0,-1.0,1.0,1.0,3,5,0,119,1
27,frog,4,0,5,success,-1.0,1.0,-1.0,1.0,1.0,3,5,0,0,1
27,frog,5,0,4,starvation,-1.0,1.0,-1.0,1.0,1.0,3,4,2,186,0
27,frog,6,0,5,alive,-1.0,1.0,-1.0,1.0,1.0,5,5,0,69,0
27,frog,7,0,5,success,-1.0,1.0,-1.0,1.0,1.0,2,5,0,0,1
27,frog,8,0,7,success,-1.0,1.0,-1.0,1.0,1.0,4,5,2,76,1
27,frog,9,0,4,starvation,-1.0,1.0,-1.0,1.0,1.0,2,4,0,386,0
27,frog,10,0,4,starvation,-1.0,1.0,-1.0,1.0,0.7460432448926512,2,4,2,218,0
27,frog,11,0,5,alive,-1.0,1.0,-1.0,1.0,0.5376400786248962,5,5,0,123,0
27,frog,12,0,4,alive,-1.0,1.0,-1.0,1.0,1.0,3,4,2,217,0
27,frog,13,0,5,alive,-1.0,1.0,-1.0,1.0,0.7441982995843287,5,5,1,225,0
27,frog,14,0,7,eaten_by_snake,-1.0,1.0,-1.0,1.0,1.0,3,5,0,0,0
27,frog,15,0,7,eaten_by_snake,-1.0,1.0,-1.0,1.0,0.4180227210901206,1,5,0,60,0
27,frog,16,0,4,alive,-1.0,1.0,-1.0,1.0,0.8502132339009939,1,4,3,361,0
27,frog,17,0,4,eaten_by_snake,-1.0,1.0,-1.0,1.0,0.6314801241679174,2,4,3,0,0
27,frog,18,0,3,starvation,-1.0,1.0,-1.0,1.0,0.18664584138101684,3,3,3,177,0
27,frog,19,0,0,starvation,-1.0,1.0,-1.0,1.0,0.7556866473063591,2,0,0,0,0
27,consensus,wall_gene,1.0,54,negative,0,0,0,0,0,0,0,0,0,0
27,consensus,food_gene,1.0,87,positive,0,0,0,0,0,0,0,0,0,0
27,consensus,snake_gene,1.0,24,negative,0,0,0,0,0,0,0,0,0,0
27,consensus,grass_gene,1.0,2792,positive,0,0,0,0,0,0,0,0,0,0
27,consensus,water_gene,0,6,insufficient_data,0,0,0,0,0,0,0,0,0,0
27,snake,0,300.0,0,alive,-0.3562726085635164,0.3059161553558789,-0.8973622372745647,-0.774221328460845,0.30249868811526404,0,0,0,0,0
27,snake,1,0.0,0,wall,0.8065492471043478,-0.30467597414825587,-0.04424097154077922,-0.5423903831474486,-0.19012173776886132,0,0,0,0,0
28,frog,0,0,8,alive,-1.0,1.0,-1.0,1.0,1.0,5,5,0,0,0
28,frog,1,0,3,alive,-1.0,1.0,-1.0,1.0,1.0,3,3,0,280,0
28,frog,2,0,6,eaten_by_snake,-1.0,1.0,-1.0,1.0,1.0,1,5,0,39,0
28,frog,3,0,5,success,-1.0,1.0,-1.0,1.0,1.0,0,5,0,122,1
28,frog,4,0,3,starvation,-1.0,1.0,-1.0,1.0,1.0,3,3,0,91,0
28,frog,5,0,5,success,-1.0,1.0,-1.0,1.0,1.0,2,5,10,118,1
28,frog,6,0,5,success,-1.0,1.0,-1.0,1.0,1.0,0,5,2,63,1
28,frog,7,0,5,success,-1.0,1.0,-1.0,1.0,1.0,3,5,7,135,1
28,frog,8,0,3,starvation,-1.0,1.0,-1.0,1.0,1.0,4,3,1,0,0
28,frog,9,0,3,starvation,-1.0,1.0,-1.0,1.0,1.0,2,3,0,140,0
28,frog,10,0,5,success,-1.0,1.0,-1.0,1.0,0.7460432448926512,0,5,0,48,1
28,frog,11,0,3,eaten_by_snake,-1.0,1.0,-1.0,1.0,0.5376400786248962,0,3,1,115,0
28,frog,12,0,2,starvation,-1.0,1.0,-1.0,1.0,1.0,2,2,0,175,0
28,frog,13,0,6,success,-1.0,1.0,-1.0,1.0,0.7441982995843287,1,5,0,121,1
28,frog,14,0,7,success,-1.0,1.0,-1.0,1.0,1.0,0,5,0,36,1
28,frog,15,0,6,success,-1.0,1.0,-1.0,1.0,0.4180227210901206,0,5,0,0,1
28,frog,16,0,6,success,-1.0,1.0,-1.0,1.0,0.8502132339009939,1,5,4,46,1
28,frog,17,0,6,eaten_by_snake,-1.0,1.0,-1.0,1.0,0.6314801241679174,1,6,2,39,0
28,frog,18,0,2,alive,-1.0,1.0,-1.0,1.0,0.18664584138101684,4,2,0,129,0
28,frog,19,0,7,success,-1.0,1.0,-1.0,1.0,0.7556866473063591,2,5,5,38,1
28,consensus,wall_gene,1.0,34,negative,0,0,0,0,0,0,0,0,0,0
28,consensus,food_gene,1.0,85,positive,0,0,0,0,0,0,0,0,0,0
28,consensus,snake_gene,1.0,32,negative,0,0,0,0,0,0,0,0,0,0
28,consensus,grass_gene,1.0,1735,positive,0,0,0,0,0,0,0,0,0,0
28,consensus,water_gene,1.0,10,positive,0,0,0,0,0,0,0,0,0,0
28,snake,0,300.0,0,wall,-0.15437918611568424,0.7257646160023936,0.04020811104942923,-0.35417476135904646,0.22156143251512672,0,0,0,0,0
28,snake,1,0.0,0,wall,0.34145402909061606,-0.21657015247542954,-0.13776629164972176,-0.9090145862778873,-0.6597371469443187,0,0,0,0,0
29,frog,0,0,5,success,-1.0,1.0,-1.0,1.0,1.0,2,5,0,68,1
29,frog,1,0,6,success,-1.0,1.0,-1.0,1.0,1.0,2,5,0,73,1
29,frog,2,0,6,success,-1.0,1.0,-1.0,1.0,1.0,1,5,0,0,1
29,frog,3,0,5,success,-1.0,1.0,-1.0,1.0,1.0,4,5,0,60,1
29,frog,4,0,5,success,-1.0,1.0,-1.0,1.0,1.0,2,5,0,124,1
29,frog,5,0,5,success,-1.0,1.0,-1.0,1.0,1.0,3,5,0,49,1
29,frog,6,0,5,success,-1.0,1.0,-1.0,1.0,1.0,1,5,0,111,1
29,frog,7,0,4,alive,-1.0,1.0,-1.0,1.0,1.0,8,4,3,204,0
29,frog,8,0,4,starvation,-1.0,1.0,-1.0,1.0,1.0,4,4,0,128,0
29,frog,9,0,0,eaten_by_snake,-1.0,1.0,-1.0,1.0,1.0,0,0,0,0,0
29,frog,10,0,4,starvation,-1.0,1.0,-1.0,1.0,0.9260432448926512,5,4,0,240,0
29,frog,11,0,5,success,-1.0,1.0,-1.0,1.0,0.7176400786248962,1,5,1,39,1
29,frog,12,0,6,success,-1.0,1.0,-1.0,1.0,1.0,3,5,1,0,1
29,frog,13,0,6,success,-1.0,1.0,-1.0,1.0,0.9241982995843288,0,5,0,66,1
29,frog,14,0,5,success,-1.0,1.0,-1.0,1.0,1.0,2,5,0,60,1
29,frog,15,0,5,success,-1.0,1.0,-1.0,1.0,0.5980227210901207,0,5,0,52,1
29,frog,16,0,6,success,-1.0,1.0,-1.0,1.0,1.0,2,5,0,18,1
29,frog,17,0,6,success,-1.0,1.0,-1.0,1.0,0.8114801241679175,0,5,0,47,1
29,frog,18,0,5,success,-1.0,1.0,-1.0,1.0,0.36664584138101686,1,5,0,171,1
29,frog,19,0,5,success,-1.0,1.0,-1.0,1.0,0.9356866473063592,1,5,0,40,1
29,consensus,wall_gene,1.0,42,negative,0,0,0,0,0,0,0,0,0,0
29,consensus,food_gene,1.0,92,positive,0,0,0,0,0,0,0,0,0,0
29,consensus,snake_gene,0,5,insufficient_data,0,0,0,0,0,0,0,0,0,0
29,consensus,grass_gene,1.0,1550,positive,0,0,0,0,0,0,0,0,0,0
29,consensus,water_gene,1.0,16,positive,0,0,0,0,0,0,0,0,0,0
29,snake,0,0.0,0,wall,0.2569636962253765,-0.5986435200075368,-0.2529676186529346,-0.03295088265953461,-0.4898027935756828,0,0,0,0,0
29,snake,1,100.0,0,wall,-0.12456890363570494,0.07630309566914861,-0.9167527691644861,0.034173833351676564,-0.20993567025340676,0,0,0,0,0
30,frog,0,0,6,success,-1.0,1.0,-1.0,1.0,1.0,4,5,10,12,1
30,frog,1,0,5,success,-1.0,1.0,-1.0,1.0,1.0,1,5,1,0,1
30,frog,2,0,5,success,-1.0,1.0,-1.0,1.0,1.0,1,5,4,0,1
30,frog,3,0,3,starvation,-1.0,1.0,-1.0,1.0,1.0,2,3,2,137,0
30,frog,4,0,5,success,-1.0,1.0,-1.0,1.0,1.0,0,5,0,0,1
30,frog,5,0,5,eaten_by_snake,-1.0,1.0,-1.0,1.0,1.0,1,5,1,158,0
30,frog,6,0,6,success,-1.0,1.0,-1.0,1.0,1.0,3,5,0,233,1
30,frog,7,0,1,starvation,-1.0,1.0,-1.0,1.0,1.0,2,1,8,177,0
30,frog,8,0,5,success,-1.0,1.0,-1.0,1.0,1.0,1,5,0,116,1
30,frog,9,0,4,starvation,-1.0,1.0,-1.0,1.0,1.0,1,4,8,127,0
30,frog,10,0,5,success,-1.0,1.0,-1.0,1.0,1.0,0,5,2,108,1
30,frog,11,0,5,success,-1.0,1.0,-1.0,1.0,0.9156400786248963,3,5,0,66,1
30,frog,12,0,6,success,-1.0,1.0,-1.0,1.0,1.0,5,5,4,245,1
30,frog,13,0,4,alive,-1.0,1.0,-1.0,1.0,1.0,3,4,16,185,0
30,frog,14,0,4,starvation,-1.0,1.0,-1.0,1.0,1.0,2,4,2,299,0
30,frog,15,0,8,success,-1.0,1.0,-1.0,1.0,0.7960227210901207,4,5,6,36,1
30,frog,16,0,5,success,-1.0,1.0,-1.0,1.0,1.0,2,5,4,121,1
30,frog,17,0,5,success,-1.0,1.0,-1.0,1.0,1.0,2,5,5,185,1
30,frog,18,0,6,success,-1.0,1.0,-1.0,1.0,0.5646458413810169,4,5,0,119,1
30,frog,19,0,4,starvation,-1.0,1.0,-1.0,1.0,1.0,2,4,3,265,0
30,consensus,wall_gene,1.0,43,negative,0,0,0,0,0,0,0,0,0,0
30,consensus,food_gene,1.0,90,positive,0,0,0,0,0,0,0,0,0,0
30,consensus,snake_gene,1.0,76,negative,0,0,0,0,0,0,0,0,0,0
30,consensus,grass_gene,1.0,2589,positive,0,0,0,0,0,0,0,0,0,0
30,consensus,water_gene,1.0,13,positive,0,0,0,0,0,0,0,0,0,0
30,snake,0,0.0,0,alive,-0.959442754093488,-0.24351345644826838,-0.2294431886346826,0.08804370331382394,-0.30569356521070534,0,0,0,0,0
30,snake,1,100.0,0,alive,-0.37236385921592463,-0.6043172110431267,-0.1807218974763578,-0.7865376493665273,-0.21419491456799777,0,0,0,0,0
31,frog,0,0,4,starvation,-1.0,1.0,-1.0,1.0,1.0,4,4,0,61,0
31,frog,1,0,3,starvation,-1.0,1.0,-1.0,1.0,1.0,3,3,9,70,0
31,frog,2,0,9,success,-1.0,1.0,-1.0,1.0,1.0,2,5,1,36,1
31,frog,3,0,6,success,-1.0,1.0,-1.0,1.0,1.0,1,5,1,119,1
31,frog,4,0,2,eaten_by_snake,-1.0,1.0,-1.0,1.0,1.0,1,2,0,60,0
31,frog,5,0,2,starvation,-1.0,1.0,-1.0,1.0,1.0,2,2,3,95,0
31,frog,6,0,7,success,-1.0,1.0,-1.0,1.0,1.0,0,5,2,0,1
31,frog,7,0,5,success,-1.0,1.0,-1.0,1.0,1.0,0,5,0,0,1
31,frog,8,0,5,success,-1.0,1.0,-1.0,1.0,1.0,2,5,1,8,1
31,frog,9,0,5,success,-1.0,1.0,-1.0,1.0,1.0,1,5,0,0,1
31,frog,10,0,5,success,-1.0,1.0,-1.0,1.0,1.0,1,5,0,0,1
31,frog,11,0,2,starvation,-1.0,1.0,-1.0,1.0,1.0,1,2,5,0,0
31,frog,12,0,2,starvation,-1.0,1.0,-1.0,1.0,1.0,4,2,13,117,0
31,frog,13,0,3,starvation,-1.0,1.0,-1.0,1.0,1.0,4,3,0,127,0
31,frog,14,0,6,success,-1.0,1.0,-1.0,1.0,1.0,1,5,0,0,1
31,frog,15,0,5,eaten_by_snake,-1.0,1.0,-1.0,1.0,0.9850227210901208,0,5,0,66,0
31,frog,16,0,5,success,-1.0,1.0,-1.0,1.0,1.0,2,5,17,43,1
31,frog,17,0,6,success,-1.0,1.0,-1.0,1.0,1.0,2,5,2,166,1
31,frog,18,0,3,starvation,-1.0,1.0,-1.0,1.0,0.753645841381017,2,3,6,210,0
31,frog,19,0,5,success,-1.0,1.0,-1.0,1.0,1.0,3,5,0,0,1
31,consensus,wall_gene,1.0,36,negative,0,0,0,0,0,0,0,0,0,0
31,consensus,food_gene,1.0,81,positive,0,0,0,0,0,0,0,0,0,0
31,consensus,snake_gene,1.0,60,negative,0,0,0,0,0,0,0,0,0,0
31,consensus,grass_gene,1.0,1178,positive,0,0,0,0,0,0,0,0,0,0
31,consensus,water_gene,1.0,11,positive,0,0,0,0,0,0,0,0,0,0
31,snake,0,200.0,0,alive,-0.5016512597653928,0.12308929728200169,-0.4158448921873623,-0.03733679784798838,-0.3591700764820087,0,0,0,0,0
31,snake,1,0.0,0,wall,0.9358579404898864,0.9553169565184882,0.8845262927543416,0.4415957609319825,0.7467208649478856,0,0,0,0,0
